Workbook

Sheet MADINAH Migration Plan
B2: MADINAH Migration Flow | C2: Activity | D2: 46113 | E2: 46143 | F2: 46174 | G2: 46204 | H2: 46235 | I2: 46266 | J2: 46296 | K2: Remark
C3: Database Migration (1st Round) (20-May-26) | K3: Madinah Database Migration (1st Round) completed
C4: SLD 1st patch (10 SS) | K4: SLD 1st patch in Madinah: (to be confirmed by CET)
C5: Validation by SE | K5: 3 days FF with SLD 1st patch
C6: E2E for 1st patch (10 SS - 20 points) | K6: Start 18-Jun Finish: 21-Jun Depend on Telecom Readiness
C7: SLD 2nd patch | K7: Start: 23-May Finish: 30-May
C8: SLD 3rd patch | K8: Start: 01-Jun Finish: 08-Jun
C9: SLD 4th patch | K9: Start: 01-Jun Finish: 08-Jun
C10: SLD 5th patch | K10: Start: 01-Jun Finish: 08-Jun
C11: SLD 6th patch | K11: Start: 09-Jun Finish: 16-Jun
C12: SLD 7th patch | K12: Start: 09-Jun Finish: 16-Jun
C13: SLD 8th patch | K13: Start: 09-Jun Finish: 16-Jun
C14: SLD 9th patch | K14: Start: 17-Jun Finish: 24-Jun
... C28: Regression test | K28: 1 day
C29: Training inside KSA
C30: Training in China
C31: DERMS Software Installation shall start by 19-May-26 (Madinah) | K31: OT switches shall be mobilized by 16-May
C32: DERMS SAT

Sheet Progress Summary
A1: 0 | B1: Not Strated | C1: Not Strated | D1: SDCC - Overall Upstream Progress
A2: 0.5 | B2: In Progress | C2: In Progress
A3: 1 | B3: Completed | C3: Completed
A5: MADINAH Upstream Progress | J5: JEDDAH Upstream Progress | S5: MAKKAH Upstream Progress
A6: Batch No. | B6: Planned % | C6: Completed % | D6: SLD Submission | E6: SLD Validation | F6: E2E for Grid SS | G6: E2E Rectification | H6: Cutover | J6: Batch No. | K6: Planned % | L6: Completed % | M6: SLD Submission | N6: SLD Validation | O6: E2E for Grid SS | P6: E2E Rectification | Q6: Cutover | S6: Batch No. | T6: Planned % | U6: Completed % | V6: SLD Submission | W6: SLD Validation | X6: E2E for Grid SS | Y6: E2E Rectification | Z6: Cutover | AC6: -
A7: Batch 01 | B7: {=IFERROR(AVERAGE(_xlfn._xlws.FILTER(IF(TODAY()<'MADINAH Migration Plan-'!$E$2:$E$205,0,IF(TODAY()>='MADINAH Migration Plan-'!$F$2:$F$205,1,NETWORKDAYS.INTL('MADINAH Migration Plan-'!$E$2:$E$205,TODAY(),"0000011")/NETWORKDAYS.INTL('MADINAH Migration Plan-'!$E$2:$E$205,'MADINAH Migration Plan-'!$F$2:$F$205,"0000011"))),('MADINAH Migration Plan-'!$Y$2:$Y$205=$A7)*('MADINAH Migration Plan-'!$E$2:$E$205<>"")*('MADINAH Migration Plan-'!$F$2:$F$205<>""))),0)} -> 0 | C7: =AVERAGE(D7:H7) -> 0.2 | D7: {=IFERROR(INDEX('MADINAH Migration Plan-'!$K:$K,MATCH(1,('MADINAH Migration Plan-'!$Y:$Y=$A7)*('MADINAH Migration Plan-'!$X:$X=D$6),0)),0)} -> 1 | E7: {=IFERROR(INDEX('MADINAH Migration Plan-'!$K:$K,MATCH(1,('MADINAH Migration Plan-'!$Y:$Y=$A7)*('MADINAH Migration Plan-'!$X:$X=E$6),0)),0)} -> 0 | F7: {=IFERROR(INDEX('MADINAH Migration Plan-'!$K:$K,MATCH(1,('MADINAH Migration Plan-'!$Y:$Y=$A7)*('MADINAH Migration Plan-'!$X:$X=F$6),0)),0)} -> 0 | G7: {=IFERROR(INDEX('MADINAH Migration Plan-'!$K:$K,MATCH(1,('MADINAH Migration Plan-'!$Y:$Y=$A7)*('MADINAH Migration Plan-'!$X:$X=G$6),0)),0)} -> 0 | H7: {=IFERROR(INDEX('MADINAH Migration Plan-'!$K:$K,MATCH(1,('MADINAH Migration Plan-'!$Y:$Y=$A7)*('MADINAH Migration Plan-'!$X:$X=H$6),0)),0)} -> 0 | J7: Batch 01 | K7: {=IFERROR(AVERAGE(_xlfn._xlws.FILTER(IF(TODAY()<'Jeddah Migration Plan'!$E$2:$E$207,0,IF(TODAY()>='Jeddah Migration Plan'!$F$2:$F$207,1,NETWORKDAYS.INTL('Jeddah Migration Plan'!$E$2:$E$207,TODAY(),"0000011")/NETWORKDAYS.INTL('Jeddah Migration Plan'!$E$2:$E$207,'Jeddah Migration Plan'!$F$2:$F$207,"0000011"))),('Jeddah Migration Plan'!$Y$2:$Y$207=$J7)*('Jeddah Migration Plan'!$E$2:$E$207<>"")*('Jeddah Migration Plan'!$F$2:$F$207<>""))),0)} -> 0 | L7: =AVERAGE(M7:Q7) -> 0.18 | M7: {=IFERROR(INDEX('Jeddah Migration Plan'!$K:$K,MATCH(1,('Jeddah Migration Plan'!$Y:$Y=$J7)*('Jeddah Migration Plan'!$X:$X=M$6),0)),0)} -> 0.9 | N7: {=IFERROR(INDEX('Jeddah Migration Plan'!$K:$K,MATCH(1,('Jeddah Migration Plan'!$Y:$Y=$J7)*('Jeddah Migration Plan'!$X:$X=N$6),0)),0)} -> 0 | O7: {=IFERROR(INDEX('Jeddah Migration Plan'!$K:$K,MATCH(1,('Jeddah Migration Plan'!$Y:$Y=$J7)*('Jeddah Migration Plan'!$X:$X=O$6),0)),0)} -> 0 | P7: {=IFERROR(INDEX('Jeddah Migration Plan'!$K:$K,MATCH(1,('Jeddah Migration Plan'!$Y:$Y=$J7)*('Jeddah Migration Plan'!$X:$X=P$6),0)),0)} -> 0 | Q7: {=IFERROR(INDEX('Jeddah Migration Plan'!$K:$K,MATCH(1,('Jeddah Migration Plan'!$Y:$Y=$J7)*('Jeddah Migration Plan'!$X:$X=Q$6),0)),0)} -> 0 | S7: Batch 01 | T7: {=IFERROR(AVERAGE(_xlfn._xlws.FILTER(IF(TODAY()<'Makkah Migration Plan'!$E$2:$E$204,0,IF(TODAY()>='Makkah Migration Plan'!$F$2:$F$204,1,NETWORKDAYS.INTL('Makkah Migration Plan'!$E$2:$E$204,TODAY(),"0000011")/NETWORKDAYS.INTL('Makkah Migration Plan'!$E$2:$E$204,'Makkah Migration Plan'!$F$2:$F$204,"0000011"))),('Makkah Migration Plan'!$Y$2:$Y$204=$S7)*('Makkah Migration Plan'!$E$2:$E$204<>"")*('Makkah Migration Plan'!$F$2:$F$204<>""))),0)} -> 0 | U7: =AVERAGE(V7:Z7) -> 0.18 | V7: {=IFERROR(INDEX('Makkah Migration Plan'!$K:$K,MATCH(1,('Makkah Migration Plan'!$Y:$Y=$S20)*('Makkah Migration Plan'!$X:$X=V$19),0)),0)} -> 0.9 | W7: {=IFERROR(INDEX('Makkah Migration Plan'!$K:$K,MATCH(1,('Makkah Migration Plan'!$Y:$Y=$S20)*('Makkah Migration Plan'!$X:$X=W$19),0)),0)} -> 0 | X7: {=IFERROR(INDEX('Makkah Migration Plan'!$K:$K,MATCH(1,('Makkah Migration Plan'!$Y:$Y=$S20)*('Makkah Migration Plan'!$X:$X=X$19),0)),0)} -> 0 | Y7: {=IFERROR(INDEX('Makkah Migration Plan'!$K:$K,MATCH(1,('Makkah Migration Plan'!$Y:$Y=$S20)*('Makkah Migration Plan'!$X:$X=Y$19),0)),0)} -> 0 | Z7: {=IFERROR(INDEX('Makkah Migration Plan'!$K:$K,MATCH(1,('Makkah Migration Plan'!$Y:$Y=$S20)*('Makkah Migration Plan'!$X:$X=Z$19),0)),0)} -> 0
A8: Batch 02 | B8: {=IFERROR(AVERAGE(_xlfn._xlws.FILTER(IF(TODAY()<'MADINAH Migration Plan-'!$E$2:$E$205,0,IF(TODAY()>='MADINAH Migration Plan-'!$F$2:$F$205,1,NETWORKDAYS.INTL('MADINAH Migration Plan-'!$E$2:$E$205,TODAY(),"0000011")/NETWORKDAYS.INTL('MADINAH Migration Plan-'!$E$2:$E$205,'MADINAH Migration Plan-'!$F$2:$F$205,"0000011"))),('MADINAH Migration Plan-'!$Y$2:$Y$205=$A8)*('MADINAH Migration Plan-'!$E$2:$E$205<>"")*('MADINAH Migration Plan-'!$F$2:$F$205<>""))),0)} -> 0.2 | C8: =AVERAGE(D8:H8) -> 0.2 | D8: {=IFERROR(INDEX('MADINAH Migration Plan-'!$K:$K,MATCH(1,('MADINAH Migration Plan-'!$Y:$Y=$A8)*('MADINAH Migration Plan-'!$X:$X=D$6),0)),0)} -> 1 | E8: {=IFERROR(INDEX('MADINAH Migration Plan-'!$K:$K,MATCH(1,('MADINAH Migration Plan-'!$Y:$Y=$A8)*('MADINAH Migration Plan-'!$X:$X=E$6),0)),0)} -> 0 | F8: {=IFERROR(INDEX('MADINAH Migration Plan-'!$K:$K,MATCH(1,('MADINAH Migration Plan-'!$Y:$Y=$A8)*('MADINAH Migration Plan-'!$X:$X=F$6),0)),0)} -> 0 | G8: {=IFERROR(INDEX('MADINAH Migration Plan-'!$K:$K,MATCH(1,('MADINAH Migration Plan-'!$Y:$Y=$A8)*('MADINAH Migration Plan-'!$X:$X=G$6),0)),0)} -> 0 | H8: {=IFERROR(INDEX('MADINAH Migration Plan-'!$K:$K,MATCH(1,('MADINAH Migration Plan-'!$Y:$Y=$A8)*('MADINAH Migration Plan-'!$X:$X=H$6),0)),0)} -> 0 | J8: Batch 02 | K8: {=IFERROR(AVERAGE(_xlfn._xlws.FILTER(IF(TODAY()<'Jeddah Migration Plan'!$E$2:$E$207,0,IF(TODAY()>='Jeddah Migration Plan'!$F$2:$F$207,1,NETWORKDAYS.INTL('Jeddah Migration Plan'!$E$2:$E$207,TODAY(),"0000011")/NETWORKDAYS.INTL('Jeddah Migration Plan'!$E$2:$E$207,'Jeddah Migration Plan'!$F$2:$F$207,"0000011"))),('Jeddah Migration Plan'!$Y$2:$Y$207=$J8)*('Jeddah Migration Plan'!$E$2:$E$207<>"")*('Jeddah Migration Plan'!$F$2:$F$207<>""))),0)} -> 0 | L8: =AVERAGE(M8:Q8) -> 0.18 | M8: {=IFERROR(INDEX('Jeddah Migration Plan'!$K:$K,MATCH(1,('Jeddah Migration Plan'!$Y:$Y=$J8)*('Jeddah Migration Plan'!$X:$X=M$6),0)),0)} -> 0.9 | N8: {=IFERROR(INDEX('Jeddah Migration Plan'!$K:$K,MATCH(1,('Jeddah Migration Plan'!$Y:$Y=$J8)*('Jeddah Migration Plan'!$X:$X=N$6),0)),0)} -> 0 | O8: {=IFERROR(INDEX('Jeddah Migration Plan'!$K:$K,MATCH(1,('Jeddah Migration Plan'!$Y:$Y=$J8)*('Jeddah Migration Plan'!$X:$X=O$6),0)),0)} -> 0 | P8: {=IFERROR(INDEX('Jeddah Migration Plan'!$K:$K,MATCH(1,('Jeddah Migration Plan'!$Y:$Y=$J8)*('Jeddah Migration Plan'!$X:$X=P$6),0)),0)} -> 0 | Q8: {=IFERROR(INDEX('Jeddah Migration Plan'!$K:$K,MATCH(1,('Jeddah Migration Plan'!$Y:$Y=$J8)*('Jeddah Migration Plan'!$X:$X=Q$6),0)),0)} -> 0 | S8: Batch 02 | T8: {=IFERROR(AVERAGE(_xlfn._xlws.FILTER(IF(TODAY()<'Makkah Migration Plan'!$E$2:$E$204,0,IF(TODAY()>='Makkah Migration Plan'!$F$2:$F$204,1,NETWORKDAYS.INTL('Makkah Migration Plan'!$E$2:$E$204,TODAY(),"0000011")/NETWORKDAYS.INTL('Makkah Migration Plan'!$E$2:$E$204,'Makkah Migration Plan'!$F$2:$F$204,"0000011"))),('Makkah Migration Plan'!$Y$2:$Y$204=$S8)*('Makkah Migration Plan'!$E$2:$E$204<>"")*('Makkah Migration Plan'!$F$2:$F$204<>""))),0)} -> 0 | U8: =AVERAGE(V8:Z8) -> 0.18 | V8: {=IFERROR(INDEX('Makkah Migration Plan'!$K:$K,MATCH(1,('Makkah Migration Plan'!$Y:$Y=$S21)*('Makkah Migration Plan'!$X:$X=V$19),0)),0)} -> 0.9 | W8: {=IFERROR(INDEX('Makkah Migration Plan'!$K:$K,MATCH(1,('Makkah Migration Plan'!$Y:$Y=$S21)*('Makkah Migration Plan'!$X:$X=W$19),0)),0)} -> 0 | X8: {=IFERROR(INDEX('Makkah Migration Plan'!$K:$K,MATCH(1,('Makkah Migration Plan'!$Y:$Y=$S21)*('Makkah Migration Plan'!$X:$X=X$19),0)),0)} -> 0 | Y8: {=IFERROR(INDEX('Makkah Migration Plan'!$K:$K,MATCH(1,('Makkah Migration Plan'!$Y:$Y=$S21)*('Makkah Migration Plan'!$X:$X=Y$19),0)),0)} -> 0 | Z8: {=IFERROR(INDEX('Makkah Migration Plan'!$K:$K,MATCH(1,('Makkah Migration Plan'!$Y:$Y=$S21)*('Makkah Migration Plan'!$X:$X=Z$19),0)),0)} -> 0
A9: Batch 03 | B9: {=IFERROR(AVERAGE(_xlfn._xlws.FILTER(IF(TODAY()<'MADINAH Migration Plan-'!$E$2:$E$205,0,IF(TODAY()>='MADINAH Migration Plan-'!$F$2:$F$205,1,NETWORKDAYS.INTL('MADINAH Migration Plan-'!$E$2:$E$205,TODAY(),"0000011")/NETWORKDAYS.INTL('MADINAH Migration Plan-'!$E$2:$E$205,'MADINAH Migration Plan-'!$F$2:$F$205,"0000011"))),('MADINAH Migration Plan-'!$Y$2:$Y$205=$A9)*('MADINAH Migration Plan-'!$E$2:$E$205<>"")*('MADINAH Migration Plan-'!$F$2:$F$205<>""))),0)} -> 0.2 | C9: =AVERAGE(D9:H9) -> 0.18 | D9: {=IFERROR(INDEX('MADINAH Migration Plan-'!$K:$K,MATCH(1,('MADINAH Migration Plan-'!$Y:$Y=$A9)*('MADINAH Migration Plan-'!$X:$X=D$6),0)),0)} -> 0.9 | E9: {=IFERROR(INDEX('MADINAH Migration Plan-'!$K:$K,MATCH(1,('MADINAH Migration Plan-'!$Y:$Y=$A9)*('MADINAH Migration Plan-'!$X:$X=E$6),0)),0)} -> 0 | F9: {=IFERROR(INDEX('MADINAH Migration Plan-'!$K:$K,MATCH(1,('MADINAH Migration Plan-'!$Y:$Y=$A9)*('MADINAH Migration Plan-'!$X:$X=F$6),0)),0)} -> 0 | G9: {=IFERROR(INDEX('MADINAH Migration Plan-'!$K:$K,MATCH(1,('MADINAH Migration Plan-'!$Y:$Y=$A9)*('MADINAH Migration Plan-'!$X:$X=G$6),0)),0)} -> 0 | H9: {=IFERROR(INDEX('MADINAH Migration Plan-'!$K:$K,MATCH(1,('MADINAH Migration Plan-'!$Y:$Y=$A9)*('MADINAH Migration Plan-'!$X:$X=H$6),0)),0)} -> 0 | J9: Batch 03 | K9: {=IFERROR(AVERAGE(_xlfn._xlws.FILTER(IF(TODAY()<'Jeddah Migration Plan'!$E$2:$E$207,0,IF(TODAY()>='Jeddah Migration Plan'!$F$2:$F$207,1,NETWORKDAYS.INTL('Jeddah Migration Plan'!$E$2:$E$207,TODAY(),"0000011")/NETWORKDAYS.INTL('Jeddah Migration Plan'!$E$2:$E$207,'Jeddah Migration Plan'!$F$2:$F$207,"0000011"))),('Jeddah Migration Plan'!$Y$2:$Y$207=$J9)*('Jeddah Migration Plan'!$E$2:$E$207<>"")*('Jeddah Migration Plan'!$F$2:$F$207<>""))),0)} -> 0 | L9: =AVERAGE(M9:Q9) -> 0.084 | M9: {=IFERROR(INDEX('Jeddah Migration Plan'!$K:$K,MATCH(1,('Jeddah Migration Plan'!$Y:$Y=$J9)*('Jeddah Migration Plan'!$X:$X=M$6),0)),0)} -> 0.42 | N9: {=IFERROR(INDEX('Jeddah Migration Plan'!$K:$K,MATCH(1,('Jeddah Migration Plan'!$Y:$Y=$J9)*('Jeddah Migration Plan'!$X:$X=N$6),0)),0)} -> 0 | O9: {=IFERROR(INDEX('Jeddah Migration Plan'!$K:$K,MATCH(1,('Jeddah Migration Plan'!$Y:$Y=$J9)*('Jeddah Migration Plan'!$X:$X=O$6),0)),0)} -> 0 | P9: {=IFERROR(INDEX('Jeddah Migration Plan'!$K:$K,MATCH(1,('Jeddah Migration Plan'!$Y:$Y=$J9)*('Jeddah Migration Plan'!$X:$X=P$6),0)),0)} -> 0 | Q9: {=IFERROR(INDEX('Jeddah Migration Plan'!$K:$K,MATCH(1,('Jeddah Migration Plan'!$Y:$Y=$J9)*('Jeddah Migration Plan'!$X:$X=Q$6),0)),0)} -> 0 | S9: Batch 03 | T9: {=IFERROR(AVERAGE(_xlfn._xlws.FILTER(IF(TODAY()<'Makkah Migration Plan'!$E$2:$E$204,0,IF(TODAY()>='Makkah Migration Plan'!$F$2:$F$204,1,NETWORKDAYS.INTL('Makkah Migration Plan'!$E$2:$E$204,TODAY(),"0000011")/NETWORKDAYS.INTL('Makkah Migration Plan'!$E$2:$E$204,'Makkah Migration Plan'!$F$2:$F$204,"0000011"))),('Makkah Migration Plan'!$Y$2:$Y$204=$S9)*('Makkah Migration Plan'!$E$2:$E$204<>"")*('Makkah Migration Plan'!$F$2:$F$204<>""))),0)} -> 0 | U9: =AVERAGE(V9:Z9) -> 0.186 | V9: {=IFERROR(INDEX('Makkah Migration Plan'!$K:$K,MATCH(1,('Makkah Migration Plan'!$Y:$Y=$S22)*('Makkah Migration Plan'!$X:$X=V$19),0)),0)} -> 0.93 | W9: {=IFERROR(INDEX('Makkah Migration Plan'!$K:$K,MATCH(1,('Makkah Migration Plan'!$Y:$Y=$S22)*('Makkah Migration Plan'!$X:$X=W$19),0)),0)} -> 0 | X9: {=IFERROR(INDEX('Makkah Migration Plan'!$K:$K,MATCH(1,('Makkah Migration Plan'!$Y:$Y=$S22)*('Makkah Migration Plan'!$X:$X=X$19),0)),0)} -> 0 | Y9: {=IFERROR(INDEX('Makkah Migration Plan'!$K:$K,MATCH(1,('Makkah Migration Plan'!$Y:$Y=$S22)*('Makkah Migration Plan'!$X:$X=Y$19),0)),0)} -> 0 | Z9: {=IFERROR(INDEX('Makkah Migration Plan'!$K:$K,MATCH(1,('Makkah Migration Plan'!$Y:$Y=$S22)*('Makkah Migration Plan'!$X:$X=Z$19),0)),0)} -> 0
A10: Batch 04 | B10: {=IFERROR(AVERAGE(_xlfn._xlws.FILTER(IF(TODAY()<'MADINAH Migration Plan-'!$E$2:$E$205,0,IF(TODAY()>='MADINAH Migration Plan-'!$F$2:$F$205,1,NETWORKDAYS.INTL('MADINAH Migration Plan-'!$E$2:$E$205,TODAY(),"0000011")/NETWORKDAYS.INTL('MADINAH Migration Plan-'!$E$2:$E$205,'MADINAH Migration Plan-'!$F$2:$F$205,"0000011"))),('MADINAH Migration Plan-'!$Y$2:$Y$205=$A10)*('MADINAH Migration Plan-'!$E$2:$E$205<>"")*('MADINAH Migration Plan-'!$F$2:$F$205<>""))),0)} -> 0 | C10: =AVERAGE(D10:H10) -> 0 | D10: {=IFERROR(INDEX('MADINAH Migration Plan-'!$K:$K,MATCH(1,('MADINAH Migration Plan-'!$Y:$Y=$A10)*('MADINAH Migration Plan-'!$X:$X=D$6),0)),0)} -> 0 | E10: {=IFERROR(INDEX('MADINAH Migration Plan-'!$K:$K,MATCH(1,('MADINAH Migration Plan-'!$Y:$Y=$A10)*('MADINAH Migration Plan-'!$X:$X=E$6),0)),0)} -> 0 | F10: {=IFERROR(INDEX('MADINAH Migration Plan-'!$K:$K,MATCH(1,('MADINAH Migration Plan-'!$Y:$Y=$A10)*('MADINAH Migration Plan-'!$X:$X=F$6),0)),0)} -> 0 | G10: {=IFERROR(INDEX('MADINAH Migration Plan-'!$K:$K,MATCH(1,('MADINAH Migration Plan-'!$Y:$Y=$A10)*('MADINAH Migration Plan-'!$X:$X=G$6),0)),0)} -> 0 | H10: {=IFERROR(INDEX('MADINAH Migration Plan-'!$K:$K,MATCH(1,('MADINAH Migration Plan-'!$Y:$Y=$A10)*('MADINAH Migration Plan-'!$X:$X=H$6),0)),0)} -> 0 | J10: Batch 04 | K10: {=IFERROR(AVERAGE(_xlfn._xlws.FILTER(IF(TODAY()<'Jeddah Migration Plan'!$E$2:$E$207,0,IF(TODAY()>='Jeddah Migration Plan'!$F$2:$F$207,1,NETWORKDAYS.INTL('Jeddah Migration Plan'!$E$2:$E$207,TODAY(),"0000011")/NETWORKDAYS.INTL('Jeddah Migration Plan'!$E$2:$E$207,'Jeddah Migration Plan'!$F$2:$F$207,"0000011"))),('Jeddah Migration Plan'!$Y$2:$Y$207=$J10)*('Jeddah Migration Plan'!$E$2:$E$207<>"")*('Jeddah Migration Plan'!$F$2:$F$207<>""))),0)} -> 0 | L10: =AVERAGE(M10:Q10) -> 0 | M10: {=IFERROR(INDEX('Jeddah Migration Plan'!$K:$K,MATCH(1,('Jeddah Migration Plan'!$Y:$Y=$J10)*('Jeddah Migration Plan'!$X:$X=M$6),0)),0)} -> 0 | N10: {=IFERROR(INDEX('Jeddah Migration Plan'!$K:$K,MATCH(1,('Jeddah Migration Plan'!$Y:$Y=$J10)*('Jeddah Migration Plan'!$X:$X=N$6),0)),0)} -> 0 | O10: {=IFERROR(INDEX('Jeddah Migration Plan'!$K:$K,MATCH(1,('Jeddah Migration Plan'!$Y:$Y=$J10)*('Jeddah Migration Plan'!$X:$X=O$6),0)),0)} -> 0 | P10: {=IFERROR(INDEX('Jeddah Migration Plan'!$K:$K,MATCH(1,('Jeddah Migration Plan'!$Y:$Y=$J10)*('Jeddah Migration Plan'!$X:$X=P$6),0)),0)} -> 0 | Q10: {=IFERROR(INDEX('Jeddah Migration Plan'!$K:$K,MATCH(1,('Jeddah Migration Plan'!$Y:$Y=$J10)*('Jeddah Migration Plan'!$X:$X=Q$6),0)),0)} -> 0 | S10: Batch 04 | T10: {=IFERROR(AVERAGE(_xlfn._xlws.FILTER(IF(TODAY()<'Makkah Migration Plan'!$E$2:$E$204,0,IF(TODAY()>='Makkah Migration Plan'!$F$2:$F$204,1,NETWORKDAYS.INTL('Makkah Migration Plan'!$E$2:$E$204,TODAY(),"0000011")/NETWORKDAYS.INTL('Makkah Migration Plan'!$E$2:$E$204,'Makkah Migration Plan'!$F$2:$F$204,"0000011"))),('Makkah Migration Plan'!$Y$2:$Y$204=$S10)*('Makkah Migration Plan'!$E$2:$E$204<>"")*('Makkah Migration Plan'!$F$2:$F$204<>""))),0)} -> 0 | U10: =AVERAGE(V10:Z10) -> 0 | V10: {=IFERROR(INDEX('Makkah Migration Plan'!$K:$K,MATCH(1,('Makkah Migration Plan'!$Y:$Y=$S23)*('Makkah Migration Plan'!$X:$X=V$19),0)),0)} -> 0 | W10: {=IFERROR(INDEX('Makkah Migration Plan'!$K:$K,MATCH(1,('Makkah Migration Plan'!$Y:$Y=$S23)*('Makkah Migration Plan'!$X:$X=W$19),0)),0)} -> 0 | X10: {=IFERROR(INDEX('Makkah Migration Plan'!$K:$K,MATCH(1,('Makkah Migration Plan'!$Y:$Y=$S23)*('Makkah Migration Plan'!$X:$X=X$19),0)),0)} -> 0 | Y10: {=IFERROR(INDEX('Makkah Migration Plan'!$K:$K,MATCH(1,('Makkah Migration Plan'!$Y:$Y=$S23)*('Makkah Migration Plan'!$X:$X=Y$19),0)),0)} -> 0 | Z10: {=IFERROR(INDEX('Makkah Migration Plan'!$K:$K,MATCH(1,('Makkah Migration Plan'!$Y:$Y=$S23)*('Makkah Migration Plan'!$X:$X=Z$19),0)),0)} -> 0
A11: Batch 05 | B11: {=IFERROR(AVERAGE(_xlfn._xlws.FILTER(IF(TODAY()<'MADINAH Migration Plan-'!$E$2:$E$205,0,IF(TODAY()>='MADINAH Migration Plan-'!$F$2:$F$205,1,NETWORKDAYS.INTL('MADINAH Migration Plan-'!$E$2:$E$205,TODAY(),"0000011")/NETWORKDAYS.INTL('MADINAH Migration Plan-'!$E$2:$E$205,'MADINAH Migration Plan-'!$F$2:$F$205,"0000011"))),('MADINAH Migration Plan-'!$Y$2:$Y$205=$A11)*('MADINAH Migration Plan-'!$E$2:$E$205<>"")*('MADINAH Migration Plan-'!$F$2:$F$205<>""))),0)} -> 0 | C11: =AVERAGE(D11:H11) -> 0 | D11: {=IFERROR(INDEX('MADINAH Migration Plan-'!$K:$K,MATCH(1,('MADINAH Migration Plan-'!$Y:$Y=$A11)*('MADINAH Migration Plan-'!$X:$X=D$6),0)),0)} -> 0 | E11: {=IFERROR(INDEX('MADINAH Migration Plan-'!$K:$K,MATCH(1,('MADINAH Migration Plan-'!$Y:$Y=$A11)*('MADINAH Migration Plan-'!$X:$X=E$6),0)),0)} -> 0 | F11: {=IFERROR(INDEX('MADINAH Migration Plan-'!$K:$K,MATCH(1,('MADINAH Migration Plan-'!$Y:$Y=$A11)*('MADINAH Migration Plan-'!$X:$X=F$6),0)),0)} -> 0 | G11: {=IFERROR(INDEX('MADINAH Migration Plan-'!$K:$K,MATCH(1,('MADINAH Migration Plan-'!$Y:$Y=$A11)*('MADINAH Migration Plan-'!$X:$X=G$6),0)),0)} -> 0 | H11: {=IFERROR(INDEX('MADINAH Migration Plan-'!$K:$K,MATCH(1,('MADINAH Migration Plan-'!$Y:$Y=$A11)*('MADINAH Migration Plan-'!$X:$X=H$6),0)),0)} -> 0 | J11: Batch 05 | K11: {=IFERROR(AVERAGE(_xlfn._xlws.FILTER(IF(TODAY()<'Jeddah Migration Plan'!$E$2:$E$207,0,IF(TODAY()>='Jeddah Migration Plan'!$F$2:$F$207,1,NETWORKDAYS.INTL('Jeddah Migration Plan'!$E$2:$E$207,TODAY(),"0000011")/NETWORKDAYS.INTL('Jeddah Migration Plan'!$E$2:$E$207,'Jeddah Migration Plan'!$F$2:$F$207,"0000011"))),('Jeddah Migration Plan'!$Y$2:$Y$207=$J11)*('Jeddah Migration Plan'!$E$2:$E$207<>"")*('Jeddah Migration Plan'!$F$2:$F$207<>""))),0)} -> 0 | L11: =AVERAGE(M11:Q11) -> 0 | M11: {=IFERROR(INDEX('Jeddah Migration Plan'!$K:$K,MATCH(1,('Jeddah Migration Plan'!$Y:$Y=$J11)*('Jeddah Migration Plan'!$X:$X=M$6),0)),0)} -> 0 | N11: {=IFERROR(INDEX('Jeddah Migration Plan'!$K:$K,MATCH(1,('Jeddah Migration Plan'!$Y:$Y=$J11)*('Jeddah Migration Plan'!$X:$X=N$6),0)),0)} -> 0 | O11: {=IFERROR(INDEX('Jeddah Migration Plan'!$K:$K,MATCH(1,('Jeddah Migration Plan'!$Y:$Y=$J11)*('Jeddah Migration Plan'!$X:$X=O$6),0)),0)} -> 0 | P11: {=IFERROR(INDEX('Jeddah Migration Plan'!$K:$K,MATCH(1,('Jeddah Migration Plan'!$Y:$Y=$J11)*('Jeddah Migration Plan'!$X:$X=P$6),0)),0)} -> 0 | Q11: {=IFERROR(INDEX('Jeddah Migration Plan'!$K:$K,MATCH(1,('Jeddah Migration Plan'!$Y:$Y=$J11)*('Jeddah Migration Plan'!$X:$X=Q$6),0)),0)} -> 0 | S11: Batch 05 | T11: {=IFERROR(AVERAGE(_xlfn._xlws.FILTER(IF(TODAY()<'Makkah Migration Plan'!$E$2:$E$204,0,IF(TODAY()>='Makkah Migration Plan'!$F$2:$F$204,1,NETWORKDAYS.INTL('Makkah Migration Plan'!$E$2:$E$204,TODAY(),"0000011")/NETWORKDAYS.INTL('Makkah Migration Plan'!$E$2:$E$204,'Makkah Migration Plan'!$F$2:$F$204,"0000011"))),('Makkah Migration Plan'!$Y$2:$Y$204=$S11)*('Makkah Migration Plan'!$E$2:$E$204<>"")*('Makkah Migration Plan'!$F$2:$F$204<>""))),0)} -> 0 | U11: =AVERAGE(V11:Z11) -> 0 | V11: {=IFERROR(INDEX('Makkah Migration Plan'!$K:$K,MATCH(1,('Makkah Migration Plan'!$Y:$Y=$S24)*('Makkah Migration Plan'!$X:$X=V$19),0)),0)} -> 0 | W11: {=IFERROR(INDEX('Makkah Migration Plan'!$K:$K,MATCH(1,('Makkah Migration Plan'!$Y:$Y=$S24)*('Makkah Migration Plan'!$X:$X=W$19),0)),0)} -> 0 | X11: {=IFERROR(INDEX('Makkah Migration Plan'!$K:$K,MATCH(1,('Makkah Migration Plan'!$Y:$Y=$S24)*('Makkah Migration Plan'!$X:$X=X$19),0)),0)} -> 0 | Y11: {=IFERROR(INDEX('Makkah Migration Plan'!$K:$K,MATCH(1,('Makkah Migration Plan'!$Y:$Y=$S24)*('Makkah Migration Plan'!$X:$X=Y$19),0)),0)} -> 0 | Z11: {=IFERROR(INDEX('Makkah Migration Plan'!$K:$K,MATCH(1,('Makkah Migration Plan'!$Y:$Y=$S24)*('Makkah Migration Plan'!$X:$X=Z$19),0)),0)} -> 0
A12: Batch 06 | B12: {=IFERROR(AVERAGE(_xlfn._xlws.FILTER(IF(TODAY()<'MADINAH Migration Plan-'!$E$2:$E$205,0,IF(TODAY()>='MADINAH Migration Plan-'!$F$2:$F$205,1,NETWORKDAYS.INTL('MADINAH Migration Plan-'!$E$2:$E$205,TODAY(),"0000011")/NETWORKDAYS.INTL('MADINAH Migration Plan-'!$E$2:$E$205,'MADINAH Migration Plan-'!$F$2:$F$205,"0000011"))),('MADINAH Migration Plan-'!$Y$2:$Y$205=$A12)*('MADINAH Migration Plan-'!$E$2:$E$205<>"")*('MADINAH Migration Plan-'!$F$2:$F$205<>""))),0)} -> 0 | C12: =AVERAGE(D12:H12) -> 0 | D12: {=IFERROR(INDEX('MADINAH Migration Plan-'!$K:$K,MATCH(1,('MADINAH Migration Plan-'!$Y:$Y=$A12)*('MADINAH Migration Plan-'!$X:$X=D$6),0)),0)} -> 0 | E12: {=IFERROR(INDEX('MADINAH Migration Plan-'!$K:$K,MATCH(1,('MADINAH Migration Plan-'!$Y:$Y=$A12)*('MADINAH Migration Plan-'!$X:$X=E$6),0)),0)} -> 0 | F12: {=IFERROR(INDEX('MADINAH Migration Plan-'!$K:$K,MATCH(1,('MADINAH Migration Plan-'!$Y:$Y=$A12)*('MADINAH Migration Plan-'!$X:$X=F$6),0)),0)} -> 0 | G12: {=IFERROR(INDEX('MADINAH Migration Plan-'!$K:$K,MATCH(1,('MADINAH Migration Plan-'!$Y:$Y=$A12)*('MADINAH Migration Plan-'!$X:$X=G$6),0)),0)} -> 0 | H12: {=IFERROR(INDEX('MADINAH Migration Plan-'!$K:$K,MATCH(1,('MADINAH Migration Plan-'!$Y:$Y=$A12)*('MADINAH Migration Plan-'!$X:$X=H$6),0)),0)} -> 0 | J12: Batch 06 | K12: {=IFERROR(AVERAGE(_xlfn._xlws.FILTER(IF(TODAY()<'Jeddah Migration Plan'!$E$2:$E$207,0,IF(TODAY()>='Jeddah Migration Plan'!$F$2:$F$207,1,NETWORKDAYS.INTL('Jeddah Migration Plan'!$E$2:$E$207,TODAY(),"0000011")/NETWORKDAYS.INTL('Jeddah Migration Plan'!$E$2:$E$207,'Jeddah Migration Plan'!$F$2:$F$207,"0000011"))),('Jeddah Migration Plan'!$Y$2:$Y$207=$J12)*('Jeddah Migration Plan'!$E$2:$E$207<>"")*('Jeddah Migration Plan'!$F$2:$F$207<>""))),0)} -> 0 | L12: =AVERAGE(M12:Q12) -> 0 | M12: {=IFERROR(INDEX('Jeddah Migration Plan'!$K:$K,MATCH(1,('Jeddah Migration Plan'!$Y:$Y=$J12)*('Jeddah Migration Plan'!$X:$X=M$6),0)),0)} -> 0 | N12: {=IFERROR(INDEX('Jeddah Migration Plan'!$K:$K,MATCH(1,('Jeddah Migration Plan'!$Y:$Y=$J12)*('Jeddah Migration Plan'!$X:$X=N$6),0)),0)} -> 0 | O12: {=IFERROR(INDEX('Jeddah Migration Plan'!$K:$K,MATCH(1,('Jeddah Migration Plan'!$Y:$Y=$J12)*('Jeddah Migration Plan'!$X:$X=O$6),0)),0)} -> 0 | P12: {=IFERROR(INDEX('Jeddah Migration Plan'!$K:$K,MATCH(1,('Jeddah Migration Plan'!$Y:$Y=$J12)*('Jeddah Migration Plan'!$X:$X=P$6),0)),0)} -> 0 | Q12: {=IFERROR(INDEX('Jeddah Migration Plan'!$K:$K,MATCH(1,('Jeddah Migration Plan'!$Y:$Y=$J12)*('Jeddah Migration Plan'!$X:$X=Q$6),0)),0)} -> 0 | S12: Batch 06 | T12: {=IFERROR(AVERAGE(_xlfn._xlws.FILTER(IF(TODAY()<'Makkah Migration Plan'!$E$2:$E$204,0,IF(TODAY()>='Makkah Migration Plan'!$F$2:$F$204,1,NETWORKDAYS.INTL('Makkah Migration Plan'!$E$2:$E$204,TODAY(),"0000011")/NETWORKDAYS.INTL('Makkah Migration Plan'!$E$2:$E$204,'Makkah Migration Plan'!$F$2:$F$204,"0000011"))),('Makkah Migration Plan'!$Y$2:$Y$204=$S12)*('Makkah Migration Plan'!$E$2:$E$204<>"")*('Makkah Migration Plan'!$F$2:$F$204<>""))),0)} -> 0 | U12: =AVERAGE(V12:Z12) -> 0 | V12: {=IFERROR(INDEX('Makkah Migration Plan'!$K:$K,MATCH(1,('Makkah Migration Plan'!$Y:$Y=$S25)*('Makkah Migration Plan'!$X:$X=V$19),0)),0)} -> 0 | W12: {=IFERROR(INDEX('Makkah Migration Plan'!$K:$K,MATCH(1,('Makkah Migration Plan'!$Y:$Y=$S25)*('Makkah Migration Plan'!$X:$X=W$19),0)),0)} -> 0 | X12: {=IFERROR(INDEX('Makkah Migration Plan'!$K:$K,MATCH(1,('Makkah Migration Plan'!$Y:$Y=$S25)*('Makkah Migration Plan'!$X:$X=X$19),0)),0)} -> 0 | Y12: {=IFERROR(INDEX('Makkah Migration Plan'!$K:$K,MATCH(1,('Makkah Migration Plan'!$Y:$Y=$S25)*('Makkah Migration Plan'!$X:$X=Y$19),0)),0)} -> 0 | Z12: {=IFERROR(INDEX('Makkah Migration Plan'!$K:$K,MATCH(1,('Makkah Migration Plan'!$Y:$Y=$S25)*('Makkah Migration Plan'!$X:$X=Z$19),0)),0)} -> 0
A13: Batch 07 | B13: {=IFERROR(AVERAGE(_xlfn._xlws.FILTER(IF(TODAY()<'MADINAH Migration Plan-'!$E$2:$E$205,0,IF(TODAY()>='MADINAH Migration Plan-'!$F$2:$F$205,1,NETWORKDAYS.INTL('MADINAH Migration Plan-'!$E$2:$E$205,TODAY(),"0000011")/NETWORKDAYS.INTL('MADINAH Migration Plan-'!$E$2:$E$205,'MADINAH Migration Plan-'!$F$2:$F$205,"0000011"))),('MADINAH Migration Plan-'!$Y$2:$Y$205=$A13)*('MADINAH Migration Plan-'!$E$2:$E$205<>"")*('MADINAH Migration Plan-'!$F$2:$F$205<>""))),0)} -> 0 | C13: =AVERAGE(D13:H13) -> 0 | D13: {=IFERROR(INDEX('MADINAH Migration Plan-'!$K:$K,MATCH(1,('MADINAH Migration Plan-'!$Y:$Y=$A13)*('MADINAH Migration Plan-'!$X:$X=D$6),0)),0)} -> 0 | E13: {=IFERROR(INDEX('MADINAH Migration Plan-'!$K:$K,MATCH(1,('MADINAH Migration Plan-'!$Y:$Y=$A13)*('MADINAH Migration Plan-'!$X:$X=E$6),0)),0)} -> 0 | F13: {=IFERROR(INDEX('MADINAH Migration Plan-'!$K:$K,MATCH(1,('MADINAH Migration Plan-'!$Y:$Y=$A13)*('MADINAH Migration Plan-'!$X:$X=F$6),0)),0)} -> 0 | G13: {=IFERROR(INDEX('MADINAH Migration Plan-'!$K:$K,MATCH(1,('MADINAH Migration Plan-'!$Y:$Y=$A13)*('MADINAH Migration Plan-'!$X:$X=G$6),0)),0)} -> 0 | H13: {=IFERROR(INDEX('MADINAH Migration Plan-'!$K:$K,MATCH(1,('MADINAH Migration Plan-'!$Y:$Y=$A13)*('MADINAH Migration Plan-'!$X:$X=H$6),0)),0)} -> 0 | J13: Batch 07 | K13: {=IFERROR(AVERAGE(_xlfn._xlws.FILTER(IF(TODAY()<'Jeddah Migration Plan'!$E$2:$E$207,0,IF(TODAY()>='Jeddah Migration Plan'!$F$2:$F$207,1,NETWORKDAYS.INTL('Jeddah Migration Plan'!$E$2:$E$207,TODAY(),"0000011")/NETWORKDAYS.INTL('Jeddah Migration Plan'!$E$2:$E$207,'Jeddah Migration Plan'!$F$2:$F$207,"0000011"))),('Jeddah Migration Plan'!$Y$2:$Y$207=$J13)*('Jeddah Migration Plan'!$E$2:$E$207<>"")*('Jeddah Migration Plan'!$F$2:$F$207<>""))),0)} -> 0 | L13: =AVERAGE(M13:Q13) -> 0 | M13: {=IFERROR(INDEX('Jeddah Migration Plan'!$K:$K,MATCH(1,('Jeddah Migration Plan'!$Y:$Y=$J13)*('Jeddah Migration Plan'!$X:$X=M$6),0)),0)} -> 0 | N13: {=IFERROR(INDEX('Jeddah Migration Plan'!$K:$K,MATCH(1,('Jeddah Migration Plan'!$Y:$Y=$J13)*('Jeddah Migration Plan'!$X:$X=N$6),0)),0)} -> 0 | O13: {=IFERROR(INDEX('Jeddah Migration Plan'!$K:$K,MATCH(1,('Jeddah Migration Plan'!$Y:$Y=$J13)*('Jeddah Migration Plan'!$X:$X=O$6),0)),0)} -> 0 | P13: {=IFERROR(INDEX('Jeddah Migration Plan'!$K:$K,MATCH(1,('Jeddah Migration Plan'!$Y:$Y=$J13)*('Jeddah Migration Plan'!$X:$X=P$6),0)),0)} -> 0 | Q13: {=IFERROR(INDEX('Jeddah Migration Plan'!$K:$K,MATCH(1,('Jeddah Migration Plan'!$Y:$Y=$J13)*('Jeddah Migration Plan'!$X:$X=Q$6),0)),0)} -> 0 | S13: Batch 07 | T13: {=IFERROR(AVERAGE(_xlfn._xlws.FILTER(IF(TODAY()<'Makkah Migration Plan'!$E$2:$E$204,0,IF(TODAY()>='Makkah Migration Plan'!$F$2:$F$204,1,NETWORKDAYS.INTL('Makkah Migration Plan'!$E$2:$E$204,TODAY(),"0000011")/NETWORKDAYS.INTL('Makkah Migration Plan'!$E$2:$E$204,'Makkah Migration Plan'!$F$2:$F$204,"0000011"))),('Makkah Migration Plan'!$Y$2:$Y$204=$S13)*('Makkah Migration Plan'!$E$2:$E$204<>"")*('Makkah Migration Plan'!$F$2:$F$204<>""))),0)} -> 0 | U13: =AVERAGE(V13:Z13) -> 0 | V13: {=IFERROR(INDEX('Makkah Migration Plan'!$K:$K,MATCH(1,('Makkah Migration Plan'!$Y:$Y=$S26)*('Makkah Migration Plan'!$X:$X=V$19),0)),0)} -> 0 | W13: {=IFERROR(INDEX('Makkah Migration Plan'!$K:$K,MATCH(1,('Makkah Migration Plan'!$Y:$Y=$S26)*('Makkah Migration Plan'!$X:$X=W$19),0)),0)} -> 0 | X13: {=IFERROR(INDEX('Makkah Migration Plan'!$K:$K,MATCH(1,('Makkah Migration Plan'!$Y:$Y=$S26)*('Makkah Migration Plan'!$X:$X=X$19),0)),0)} -> 0 | Y13: {=IFERROR(INDEX('Makkah Migration Plan'!$K:$K,MATCH(1,('Makkah Migration Plan'!$Y:$Y=$S26)*('Makkah Migration Plan'!$X:$X=Y$19),0)),0)} -> 0 | Z13: {=IFERROR(INDEX('Makkah Migration Plan'!$K:$K,MATCH(1,('Makkah Migration Plan'!$Y:$Y=$S26)*('Makkah Migration Plan'!$X:$X=Z$19),0)),0)} -> 0
A14: Batch 08 | B14: {=IFERROR(AVERAGE(_xlfn._xlws.FILTER(IF(TODAY()<'MADINAH Migration Plan-'!$E$2:$E$205,0,IF(TODAY()>='MADINAH Migration Plan-'!$F$2:$F$205,1,NETWORKDAYS.INTL('MADINAH Migration Plan-'!$E$2:$E$205,TODAY(),"0000011")/NETWORKDAYS.INTL('MADINAH Migration Plan-'!$E$2:$E$205,'MADINAH Migration Plan-'!$F$2:$F$205,"0000011"))),('MADINAH Migration Plan-'!$Y$2:$Y$205=$A14)*('MADINAH Migration Plan-'!$E$2:$E$205<>"")*('MADINAH Migration Plan-'!$F$2:$F$205<>""))),0)} -> 0 | C14: =AVERAGE(D14:H14) -> 0 | D14: {=IFERROR(INDEX('MADINAH Migration Plan-'!$K:$K,MATCH(1,('MADINAH Migration Plan-'!$Y:$Y=$A14)*('MADINAH Migration Plan-'!$X:$X=D$6),0)),0)} -> 0 | E14: {=IFERROR(INDEX('MADINAH Migration Plan-'!$K:$K,MATCH(1,('MADINAH Migration Plan-'!$Y:$Y=$A14)*('MADINAH Migration Plan-'!$X:$X=E$6),0)),0)} -> 0 | F14: {=IFERROR(INDEX('MADINAH Migration Plan-'!$K:$K,MATCH(1,('MADINAH Migration Plan-'!$Y:$Y=$A14)*('MADINAH Migration Plan-'!$X:$X=F$6),0)),0)} -> 0 | G14: {=IFERROR(INDEX('MADINAH Migration Plan-'!$K:$K,MATCH(1,('MADINAH Migration Plan-'!$Y:$Y=$A14)*('MADINAH Migration Plan-'!$X:$X=G$6),0)),0)} -> 0 | H14: {=IFERROR(INDEX('MADINAH Migration Plan-'!$K:$K,MATCH(1,('MADINAH Migration Plan-'!$Y:$Y=$A14)*('MADINAH Migration Plan-'!$X:$X=H$6),0)),0)} -> 0 | J14: Batch 08 | K14: {=IFERROR(AVERAGE(_xlfn._xlws.FILTER(IF(TODAY()<'Jeddah Migration Plan'!$E$2:$E$207,0,IF(TODAY()>='Jeddah Migration Plan'!$F$2:$F$207,1,NETWORKDAYS.INTL('Jeddah Migration Plan'!$E$2:$E$207,TODAY(),"0000011")/NETWORKDAYS.INTL('Jeddah Migration Plan'!$E$2:$E$207,'Jeddah Migration Plan'!$F$2:$F$207,"0000011"))),('Jeddah Migration Plan'!$Y$2:$Y$207=$J14)*('Jeddah Migration Plan'!$E$2:$E$207<>"")*('Jeddah Migration Plan'!$F$2:$F$207<>""))),0)} -> 0 | L14: =AVERAGE(M14:Q14) -> 0 | M14: {=IFERROR(INDEX('Jeddah Migration Plan'!$K:$K,MATCH(1,('Jeddah Migration Plan'!$Y:$Y=$J14)*('Jeddah Migration Plan'!$X:$X=M$6),0)),0)} -> 0 | N14: {=IFERROR(INDEX('Jeddah Migration Plan'!$K:$K,MATCH(1,('Jeddah Migration Plan'!$Y:$Y=$J14)*('Jeddah Migration Plan'!$X:$X=N$6),0)),0)} -> 0 | O14: {=IFERROR(INDEX('Jeddah Migration Plan'!$K:$K,MATCH(1,('Jeddah Migration Plan'!$Y:$Y=$J14)*('Jeddah Migration Plan'!$X:$X=O$6),0)),0)} -> 0 | P14: {=IFERROR(INDEX('Jeddah Migration Plan'!$K:$K,MATCH(1,('Jeddah Migration Plan'!$Y:$Y=$J14)*('Jeddah Migration Plan'!$X:$X=P$6),0)),0)} -> 0 | Q14: {=IFERROR(INDEX('Jeddah Migration Plan'!$K:$K,MATCH(1,('Jeddah Migration Plan'!$Y:$Y=$J14)*('Jeddah Migration Plan'!$X:$X=Q$6),0)),0)} -> 0 | S14: Batch 08 | T14: {=IFERROR(AVERAGE(_xlfn._xlws.FILTER(IF(TODAY()<'Makkah Migration Plan'!$E$2:$E$204,0,IF(TODAY()>='Makkah Migration Plan'!$F$2:$F$204,1,NETWORKDAYS.INTL('Makkah Migration Plan'!$E$2:$E$204,TODAY(),"0000011")/NETWORKDAYS.INTL('Makkah Migration Plan'!$E$2:$E$204,'Makkah Migration Plan'!$F$2:$F$204,"0000011"))),('Makkah Migration Plan'!$Y$2:$Y$204=$S14)*('Makkah Migration Plan'!$E$2:$E$204<>"")*('Makkah Migration Plan'!$F$2:$F$204<>""))),0)} -> 0 | U14: =AVERAGE(V14:Z14) -> 0 | V14: {=IFERROR(INDEX('Makkah Migration Plan'!$K:$K,MATCH(1,('Makkah Migration Plan'!$Y:$Y=$S27)*('Makkah Migration Plan'!$X:$X=V$19),0)),0)} -> 0 | W14: {=IFERROR(INDEX('Makkah Migration Plan'!$K:$K,MATCH(1,('Makkah Migration Plan'!$Y:$Y=$S27)*('Makkah Migration Plan'!$X:$X=W$19),0)),0)} -> 0 | X14: {=IFERROR(INDEX('Makkah Migration Plan'!$K:$K,MATCH(1,('Makkah Migration Plan'!$Y:$Y=$S27)*('Makkah Migration Plan'!$X:$X=X$19),0)),0)} -> 0 | Y14: {=IFERROR(INDEX('Makkah Migration Plan'!$K:$K,MATCH(1,('Makkah Migration Plan'!$Y:$Y=$S27)*('Makkah Migration Plan'!$X:$X=Y$19),0)),0)} -> 0 | Z14: {=IFERROR(INDEX('Makkah Migration Plan'!$K:$K,MATCH(1,('Makkah Migration Plan'!$Y:$Y=$S27)*('Makkah Migration Plan'!$X:$X=Z$19),0)),0)} -> 0
A15: Batch 09 | B15: {=IFERROR(AVERAGE(_xlfn._xlws.FILTER(IF(TODAY()<'MADINAH Migration Plan-'!$E$2:$E$205,0,IF(TODAY()>='MADINAH Migration Plan-'!$F$2:$F$205,1,NETWORKDAYS.INTL('MADINAH Migration Plan-'!$E$2:$E$205,TODAY(),"0000011")/NETWORKDAYS.INTL('MADINAH Migration Plan-'!$E$2:$E$205,'MADINAH Migration Plan-'!$F$2:$F$205,"0000011"))),('MADINAH Migration Plan-'!$Y$2:$Y$205=$A15)*('MADINAH Migration Plan-'!$E$2:$E$205<>"")*('MADINAH Migration Plan-'!$F$2:$F$205<>""))),0)} -> 0 | C15: =AVERAGE(D15:H15) -> 0 | D15: {=IFERROR(INDEX('MADINAH Migration Plan-'!$K:$K,MATCH(1,('MADINAH Migration Plan-'!$Y:$Y=$A15)*('MADINAH Migration Plan-'!$X:$X=D$6),0)),0)} -> 0 | E15: {=IFERROR(INDEX('MADINAH Migration Plan-'!$K:$K,MATCH(1,('MADINAH Migration Plan-'!$Y:$Y=$A15)*('MADINAH Migration Plan-'!$X:$X=E$6),0)),0)} -> 0 | F15: {=IFERROR(INDEX('MADINAH Migration Plan-'!$K:$K,MATCH(1,('MADINAH Migration Plan-'!$Y:$Y=$A15)*('MADINAH Migration Plan-'!$X:$X=F$6),0)),0)} -> 0 | G15: {=IFERROR(INDEX('MADINAH Migration Plan-'!$K:$K,MATCH(1,('MADINAH Migration Plan-'!$Y:$Y=$A15)*('MADINAH Migration Plan-'!$X:$X=G$6),0)),0)} -> 0 | H15: {=IFERROR(INDEX('MADINAH Migration Plan-'!$K:$K,MATCH(1,('MADINAH Migration Plan-'!$Y:$Y=$A15)*('MADINAH Migration Plan-'!$X:$X=H$6),0)),0)} -> 0 | J15: Batch 09 | K15: {=IFERROR(AVERAGE(_xlfn._xlws.FILTER(IF(TODAY()<'Jeddah Migration Plan'!$E$2:$E$207,0,IF(TODAY()>='Jeddah Migration Plan'!$F$2:$F$207,1,NETWORKDAYS.INTL('Jeddah Migration Plan'!$E$2:$E$207,TODAY(),"0000011")/NETWORKDAYS.INTL('Jeddah Migration Plan'!$E$2:$E$207,'Jeddah Migration Plan'!$F$2:$F$207,"0000011"))),('Jeddah Migration Plan'!$Y$2:$Y$207=$J15)*('Jeddah Migration Plan'!$E$2:$E$207<>"")*('Jeddah Migration Plan'!$F$2:$F$207<>""))),0)} -> 0 | L15: =AVERAGE(M15:Q15) -> 0 | M15: {=IFERROR(INDEX('Jeddah Migration Plan'!$K:$K,MATCH(1,('Jeddah Migration Plan'!$Y:$Y=$J15)*('Jeddah Migration Plan'!$X:$X=M$6),0)),0)} -> 0 | N15: {=IFERROR(INDEX('Jeddah Migration Plan'!$K:$K,MATCH(1,('Jeddah Migration Plan'!$Y:$Y=$J15)*('Jeddah Migration Plan'!$X:$X=N$6),0)),0)} -> 0 | O15: {=IFERROR(INDEX('Jeddah Migration Plan'!$K:$K,MATCH(1,('Jeddah Migration Plan'!$Y:$Y=$J15)*('Jeddah Migration Plan'!$X:$X=O$6),0)),0)} -> 0 | P15: {=IFERROR(INDEX('Jeddah Migration Plan'!$K:$K,MATCH(1,('Jeddah Migration Plan'!$Y:$Y=$J15)*('Jeddah Migration Plan'!$X:$X=P$6),0)),0)} -> 0 | Q15: {=IFERROR(INDEX('Jeddah Migration Plan'!$K:$K,MATCH(1,('Jeddah Migration Plan'!$Y:$Y=$J15)*('Jeddah Migration Plan'!$X:$X=Q$6),0)),0)} -> 0 | S15: Batch 09 | T15: {=IFERROR(AVERAGE(_xlfn._xlws.FILTER(IF(TODAY()<'Makkah Migration Plan'!$E$2:$E$204,0,IF(TODAY()>='Makkah Migration Plan'!$F$2:$F$204,1,NETWORKDAYS.INTL('Makkah Migration Plan'!$E$2:$E$204,TODAY(),"0000011")/NETWORKDAYS.INTL('Makkah Migration Plan'!$E$2:$E$204,'Makkah Migration Plan'!$F$2:$F$204,"0000011"))),('Makkah Migration Plan'!$Y$2:$Y$204=$S15)*('Makkah Migration Plan'!$E$2:$E$204<>"")*('Makkah Migration Plan'!$F$2:$F$204<>""))),0)} -> 0 | U15: =AVERAGE(V15:Z15) -> 0 | V15: {=IFERROR(INDEX('Makkah Migration Plan'!$K:$K,MATCH(1,('Makkah Migration Plan'!$Y:$Y=$S28)*('Makkah Migration Plan'!$X:$X=V$19),0)),0)} -> 0 | W15: {=IFERROR(INDEX('Makkah Migration Plan'!$K:$K,MATCH(1,('Makkah Migration Plan'!$Y:$Y=$S28)*('Makkah Migration Plan'!$X:$X=W$19),0)),0)} -> 0 | X15: {=IFERROR(INDEX('Makkah Migration Plan'!$K:$K,MATCH(1,('Makkah Migration Plan'!$Y:$Y=$S28)*('Makkah Migration Plan'!$X:$X=X$19),0)),0)} -> 0 | Y15: {=IFERROR(INDEX('Makkah Migration Plan'!$K:$K,MATCH(1,('Makkah Migration Plan'!$Y:$Y=$S28)*('Makkah Migration Plan'!$X:$X=Y$19),0)),0)} -> 0 | Z15: {=IFERROR(INDEX('Makkah Migration Plan'!$K:$K,MATCH(1,('Makkah Migration Plan'!$Y:$Y=$S28)*('Makkah Migration Plan'!$X:$X=Z$19),0)),0)} -> 0
A16: Batch 10 | B16: {=IFERROR(AVERAGE(_xlfn._xlws.FILTER(IF(TODAY()<'MADINAH Migration Plan-'!$E$2:$E$205,0,IF(TODAY()>='MADINAH Migration Plan-'!$F$2:$F$205,1,NETWORKDAYS.INTL('MADINAH Migration Plan-'!$E$2:$E$205,TODAY(),"0000011")/NETWORKDAYS.INTL('MADINAH Migration Plan-'!$E$2:$E$205,'MADINAH Migration Plan-'!$F$2:$F$205,"0000011"))),('MADINAH Migration Plan-'!$Y$2:$Y$205=$A16)*('MADINAH Migration Plan-'!$E$2:$E$205<>"")*('MADINAH Migration Plan-'!$F$2:$F$205<>""))),0)} -> 0 | C16: =AVERAGE(D16:H16) -> 0 | D16: {=IFERROR(INDEX('MADINAH Migration Plan-'!$K:$K,MATCH(1,('MADINAH Migration Plan-'!$Y:$Y=$A16)*('MADINAH Migration Plan-'!$X:$X=D$6),0)),0)} -> 0 | E16: {=IFERROR(INDEX('MADINAH Migration Plan-'!$K:$K,MATCH(1,('MADINAH Migration Plan-'!$Y:$Y=$A16)*('MADINAH Migration Plan-'!$X:$X=E$6),0)),0)} -> 0 | F16: {=IFERROR(INDEX('MADINAH Migration Plan-'!$K:$K,MATCH(1,('MADINAH Migration Plan-'!$Y:$Y=$A16)*('MADINAH Migration Plan-'!$X:$X=F$6),0)),0)} -> 0 | G16: {=IFERROR(INDEX('MADINAH Migration Plan-'!$K:$K,MATCH(1,('MADINAH Migration Plan-'!$Y:$Y=$A16)*('MADINAH Migration Plan-'!$X:$X=G$6),0)),0)} -> 0 | H16: {=IFERROR(INDEX('MADINAH Migration Plan-'!$K:$K,MATCH(1,('MADINAH Migration Plan-'!$Y:$Y=$A16)*('MADINAH Migration Plan-'!$X:$X=H$6),0)),0)} -> 0 | J16: Batch 10 | K16: {=IFERROR(AVERAGE(_xlfn._xlws.FILTER(IF(TODAY()<'Jeddah Migration Plan'!$E$2:$E$207,0,IF(TODAY()>='Jeddah Migration Plan'!$F$2:$F$207,1,NETWORKDAYS.INTL('Jeddah Migration Plan'!$E$2:$E$207,TODAY(),"0000011")/NETWORKDAYS.INTL('Jeddah Migration Plan'!$E$2:$E$207,'Jeddah Migration Plan'!$F$2:$F$207,"0000011"))),('Jeddah Migration Plan'!$Y$2:$Y$207=$J16)*('Jeddah Migration Plan'!$E$2:$E$207<>"")*('Jeddah Migration Plan'!$F$2:$F$207<>""))),0)} -> 0 | L16: =AVERAGE(M16:Q16) -> 0 | M16: {=IFERROR(INDEX('Jeddah Migration Plan'!$K:$K,MATCH(1,('Jeddah Migration Plan'!$Y:$Y=$J16)*('Jeddah Migration Plan'!$X:$X=M$6),0)),0)} -> 0 | N16: {=IFERROR(INDEX('Jeddah Migration Plan'!$K:$K,MATCH(1,('Jeddah Migration Plan'!$Y:$Y=$J16)*('Jeddah Migration Plan'!$X:$X=N$6),0)),0)} -> 0 | O16: {=IFERROR(INDEX('Jeddah Migration Plan'!$K:$K,MATCH(1,('Jeddah Migration Plan'!$Y:$Y=$J16)*('Jeddah Migration Plan'!$X:$X=O$6),0)),0)} -> 0 | P16: {=IFERROR(INDEX('Jeddah Migration Plan'!$K:$K,MATCH(1,('Jeddah Migration Plan'!$Y:$Y=$J16)*('Jeddah Migration Plan'!$X:$X=P$6),0)),0)} -> 0 | Q16: {=IFERROR(INDEX('Jeddah Migration Plan'!$K:$K,MATCH(1,('Jeddah Migration Plan'!$Y:$Y=$J16)*('Jeddah Migration Plan'!$X:$X=Q$6),0)),0)} -> 0 | S16: Batch 10 | T16: {=IFERROR(AVERAGE(_xlfn._xlws.FILTER(IF(TODAY()<'Makkah Migration Plan'!$E$2:$E$204,0,IF(TODAY()>='Makkah Migration Plan'!$F$2:$F$204,1,NETWORKDAYS.INTL('Makkah Migration Plan'!$E$2:$E$204,TODAY(),"0000011")/NETWORKDAYS.INTL('Makkah Migration Plan'!$E$2:$E$204,'Makkah Migration Plan'!$F$2:$F$204,"0000011"))),('Makkah Migration Plan'!$Y$2:$Y$204=$S16)*('Makkah Migration Plan'!$E$2:$E$204<>"")*('Makkah Migration Plan'!$F$2:$F$204<>""))),0)} -> 0 | U16: =AVERAGE(V16:Z16) -> 0 | V16: {=IFERROR(INDEX('Makkah Migration Plan'!$K:$K,MATCH(1,('Makkah Migration Plan'!$Y:$Y=$S29)*('Makkah Migration Plan'!$X:$X=V$19),0)),0)} -> 0 | W16: {=IFERROR(INDEX('Makkah Migration Plan'!$K:$K,MATCH(1,('Makkah Migration Plan'!$Y:$Y=$S29)*('Makkah Migration Plan'!$X:$X=W$19),0)),0)} -> 0 | X16: {=IFERROR(INDEX('Makkah Migration Plan'!$K:$K,MATCH(1,('Makkah Migration Plan'!$Y:$Y=$S29)*('Makkah Migration Plan'!$X:$X=X$19),0)),0)} -> 0 | Y16: {=IFERROR(INDEX('Makkah Migration Plan'!$K:$K,MATCH(1,('Makkah Migration Plan'!$Y:$Y=$S29)*('Makkah Migration Plan'!$X:$X=Y$19),0)),0)} -> 0 | Z16: {=IFERROR(INDEX('Makkah Migration Plan'!$K:$K,MATCH(1,('Makkah Migration Plan'!$Y:$Y=$S29)*('Makkah Migration Plan'!$X:$X=Z$19),0)),0)} -> 0
A18: ABHA Upstream Progress | S18: JIZAN Upstream Progress
A19: Batch No. | B19: Planned % | C19: Completed % | D19: SLD Submission | E19: SLD Validation | F19: E2E for Grid SS | G19: E2E Rectification | H19: Cutover | S19: Batch No. | T19: Planned % | U19: Completed % | V19: SLD Submission | W19: SLD Validation | X19: E2E for Grid SS | Y19: E2E Rectification | Z19: Cutover
A20: Batch 01 | B20: {=IFERROR(AVERAGE(_xlfn._xlws.FILTER(IF(TODAY()<'ABHA Migration Plan'!$E$2:$E$205,0,IF(TODAY()>='ABHA Migration Plan'!$F$2:$F$205,1,NETWORKDAYS.INTL('ABHA Migration Plan'!$E$2:$E$205,TODAY(),"0000011")/NETWORKDAYS.INTL('ABHA Migration Plan'!$E$2:$E$205,'ABHA Migration Plan'!$F$2:$F$205,"0000011"))),('ABHA Migration Plan'!$Y$2:$Y$205=$A20)*('ABHA Migration Plan'!$E$2:$E$205<>"")*('ABHA Migration Plan'!$F$2:$F$205<>""))),0)} -> 0.4 | C20: =AVERAGE(D20:H20) -> 0.3 | D20: {=IFERROR(INDEX('ABHA Migration Plan'!$K:$K,MATCH(1,('ABHA Migration Plan'!$Y:$Y=$A20)*('ABHA Migration Plan'!$X:$X=D$19),0)),0)} -> 1 | E20: {=IFERROR(INDEX('ABHA Migration Plan'!$K:$K,MATCH(1,('ABHA Migration Plan'!$Y:$Y=$A20)*('ABHA Migration Plan'!$X:$X=E$19),0)),0)} -> 0.5 | F20: {=IFERROR(INDEX('ABHA Migration Plan'!$K:$K,MATCH(1,('ABHA Migration Plan'!$Y:$Y=$A20)*('ABHA Migration Plan'!$X:$X=F$19),0)),0)} -> 0 | G20: {=IFERROR(INDEX('ABHA Migration Plan'!$K:$K,MATCH(1,('ABHA Migration Plan'!$Y:$Y=$A20)*('ABHA Migration Plan'!$X:$X=G$19),0)),0)} -> 0 | H20: {=IFERROR(INDEX('ABHA Migration Plan'!$K:$K,MATCH(1,('ABHA Migration Plan'!$Y:$Y=$A20)*('ABHA Migration Plan'!$X:$X=H$19),0)),0)} -> 0 | S20: Batch 01 | T20: {=IFERROR(AVERAGE(_xlfn._xlws.FILTER(IF(TODAY()<'Jizan Migration Plan'!$E$2:$E$205,0,IF(TODAY()>='Jizan Migration Plan'!$F$2:$F$205,1,NETWORKDAYS.INTL('Jizan Migration Plan'!$E$2:$E$205,TODAY(),"0000011")/NETWORKDAYS.INTL('Jizan Migration Plan'!$E$2:$E$205,'Jizan Migration Plan'!$F$2:$F$205,"0000011"))),('Jizan Migration Plan'!$Y$2:$Y$205=$S20)*('Jizan Migration Plan'!$E$2:$E$205<>"")*('Jizan Migration Plan'!$F$2:$F$205<>""))),0)} -> 0.4 | U20: =AVERAGE(V20:Z20) -> 0.3 | V20: {=IFERROR(INDEX('Jizan Migration Plan'!$K:$K,MATCH(1,('Jizan Migration Plan'!$Y:$Y=$S20)*('Jizan Migration Plan'!$X:$X=V$19),0)),0)} -> 1 | W20: {=IFERROR(INDEX('Jizan Migration Plan'!$K:$K,MATCH(1,('Jizan Migration Plan'!$Y:$Y=$S20)*('Jizan Migration Plan'!$X:$X=W$19),0)),0)} -> 0.5 | X20: {=IFERROR(INDEX('Jizan Migration Plan'!$K:$K,MATCH(1,('Jizan Migration Plan'!$Y:$Y=$S20)*('Jizan Migration Plan'!$X:$X=X$19),0)),0)} -> 0 | Y20: {=IFERROR(INDEX('Jizan Migration Plan'!$K:$K,MATCH(1,('Jizan Migration Plan'!$Y:$Y=$S20)*('Jizan Migration Plan'!$X:$X=Y$19),0)),0)} -> 0 | Z20: {=IFERROR(INDEX('Jizan Migration Plan'!$K:$K,MATCH(1,('Jizan Migration Plan'!$Y:$Y=$S20)*('Jizan Migration Plan'!$X:$X=Z$19),0)),0)} -> 0
A21: Batch 02 | B21: {=IFERROR(AVERAGE(_xlfn._xlws.FILTER(IF(TODAY()<'ABHA Migration Plan'!$E$2:$E$205,0,IF(TODAY()>='ABHA Migration Plan'!$F$2:$F$205,1,NETWORKDAYS.INTL('ABHA Migration Plan'!$E$2:$E$205,TODAY(),"0000011")/NETWORKDAYS.INTL('ABHA Migration Plan'!$E$2:$E$205,'ABHA Migration Plan'!$F$2:$F$205,"0000011"))),('ABHA Migration Plan'!$Y$2:$Y$205=$A21)*('ABHA Migration Plan'!$E$2:$E$205<>"")*('ABHA Migration Plan'!$F$2:$F$205<>""))),0)} -> 0.4 | C21: =AVERAGE(D21:H21) -> 0.24 | D21: {=IFERROR(INDEX('ABHA Migration Plan'!$K:$K,MATCH(1,('ABHA Migration Plan'!$Y:$Y=$A21)*('ABHA Migration Plan'!$X:$X=D$19),0)),0)} -> 1 | E21: {=IFERROR(INDEX('ABHA Migration Plan'!$K:$K,MATCH(1,('ABHA Migration Plan'!$Y:$Y=$A21)*('ABHA Migration Plan'!$X:$X=E$19),0)),0)} -> 0.2 | F21: {=IFERROR(INDEX('ABHA Migration Plan'!$K:$K,MATCH(1,('ABHA Migration Plan'!$Y:$Y=$A21)*('ABHA Migration Plan'!$X:$X=F$19),0)),0)} -> 0 | G21: {=IFERROR(INDEX('ABHA Migration Plan'!$K:$K,MATCH(1,('ABHA Migration Plan'!$Y:$Y=$A21)*('ABHA Migration Plan'!$X:$X=G$19),0)),0)} -> 0 | H21: {=IFERROR(INDEX('ABHA Migration Plan'!$K:$K,MATCH(1,('ABHA Migration Plan'!$Y:$Y=$A21)*('ABHA Migration Plan'!$X:$X=H$19),0)),0)} -> 0 | S21: Batch 02 | T21: {=IFERROR(AVERAGE(_xlfn._xlws.FILTER(IF(TODAY()<'Jizan Migration Plan'!$E$2:$E$205,0,IF(TODAY()>='Jizan Migration Plan'!$F$2:$F$205,1,NETWORKDAYS.INTL('Jizan Migration Plan'!$E$2:$E$205,TODAY(),"0000011")/NETWORKDAYS.INTL('Jizan Migration Plan'!$E$2:$E$205,'Jizan Migration Plan'!$F$2:$F$205,"0000011"))),('Jizan Migration Plan'!$Y$2:$Y$205=$S21)*('Jizan Migration Plan'!$E$2:$E$205<>"")*('Jizan Migration Plan'!$F$2:$F$205<>""))),0)} -> 0 | U21: =AVERAGE(V21:Z21) -> 0.24 | V21: {=IFERROR(INDEX('Jizan Migration Plan'!$K:$K,MATCH(1,('Jizan Migration Plan'!$Y:$Y=$S21)*('Jizan Migration Plan'!$X:$X=V$19),0)),0)} -> 1 | W21: {=IFERROR(INDEX('Jizan Migration Plan'!$K:$K,MATCH(1,('Jizan Migration Plan'!$Y:$Y=$S21)*('Jizan Migration Plan'!$X:$X=W$19),0)),0)} -> 0.2 | X21: {=IFERROR(INDEX('Jizan Migration Plan'!$K:$K,MATCH(1,('Jizan Migration Plan'!$Y:$Y=$S21)*('Jizan Migration Plan'!$X:$X=X$19),0)),0)} -> 0 | Y21: {=IFERROR(INDEX('Jizan Migration Plan'!$K:$K,MATCH(1,('Jizan Migration Plan'!$Y:$Y=$S21)*('Jizan Migration Plan'!$X:$X=Y$19),0)),0)} -> 0 | Z21: {=IFERROR(INDEX('Jizan Migration Plan'!$K:$K,MATCH(1,('Jizan Migration Plan'!$Y:$Y=$S21)*('Jizan Migration Plan'!$X:$X=Z$19),0)),0)} -> 0
A22: Batch 03 | B22: {=IFERROR(AVERAGE(_xlfn._xlws.FILTER(IF(TODAY()<'ABHA Migration Plan'!$E$2:$E$205,0,IF(TODAY()>='ABHA Migration Plan'!$F$2:$F$205,1,NETWORKDAYS.INTL('ABHA Migration Plan'!$E$2:$E$205,TODAY(),"0000011")/NETWORKDAYS.INTL('ABHA Migration Plan'!$E$2:$E$205,'ABHA Migration Plan'!$F$2:$F$205,"0000011"))),('ABHA Migration Plan'!$Y$2:$Y$205=$A22)*('ABHA Migration Plan'!$E$2:$E$205<>"")*('ABHA Migration Plan'!$F$2:$F$205<>""))),0)} -> 0.2 | C22: =AVERAGE(D22:H22) -> 0.2 | D22: {=IFERROR(INDEX('ABHA Migration Plan'!$K:$K,MATCH(1,('ABHA Migration Plan'!$Y:$Y=$A22)*('ABHA Migration Plan'!$X:$X=D$19),0)),0)} -> 1 | E22: {=IFERROR(INDEX('ABHA Migration Plan'!$K:$K,MATCH(1,('ABHA Migration Plan'!$Y:$Y=$A22)*('ABHA Migration Plan'!$X:$X=E$19),0)),0)} -> 0 | F22: {=IFERROR(INDEX('ABHA Migration Plan'!$K:$K,MATCH(1,('ABHA Migration Plan'!$Y:$Y=$A22)*('ABHA Migration Plan'!$X:$X=F$19),0)),0)} -> 0 | G22: {=IFERROR(INDEX('ABHA Migration Plan'!$K:$K,MATCH(1,('ABHA Migration Plan'!$Y:$Y=$A22)*('ABHA Migration Plan'!$X:$X=G$19),0)),0)} -> 0 | H22: {=IFERROR(INDEX('ABHA Migration Plan'!$K:$K,MATCH(1,('ABHA Migration Plan'!$Y:$Y=$A22)*('ABHA Migration Plan'!$X:$X=H$19),0)),0)} -> 0 | S22: Batch 03 | T22: {=IFERROR(AVERAGE(_xlfn._xlws.FILTER(IF(TODAY()<'Jizan Migration Plan'!$E$2:$E$205,0,IF(TODAY()>='Jizan Migration Plan'!$F$2:$F$205,1,NETWORKDAYS.INTL('Jizan Migration Plan'!$E$2:$E$205,TODAY(),"0000011")/NETWORKDAYS.INTL('Jizan Migration Plan'!$E$2:$E$205,'Jizan Migration Plan'!$F$2:$F$205,"0000011"))),('Jizan Migration Plan'!$Y$2:$Y$205=$S22)*('Jizan Migration Plan'!$E$2:$E$205<>"")*('Jizan Migration Plan'!$F$2:$F$205<>""))),0)} -> 0.2 | U22: =AVERAGE(V22:Z22) -> 0.18 | V22: {=IFERROR(INDEX('Jizan Migration Plan'!$K:$K,MATCH(1,('Jizan Migration Plan'!$Y:$Y=$S22)*('Jizan Migration Plan'!$X:$X=V$19),0)),0)} -> 0.9 | W22: {=IFERROR(INDEX('Jizan Migration Plan'!$K:$K,MATCH(1,('Jizan Migration Plan'!$Y:$Y=$S22)*('Jizan Migration Plan'!$X:$X=W$19),0)),0)} -> 0 | X22: {=IFERROR(INDEX('Jizan Migration Plan'!$K:$K,MATCH(1,('Jizan Migration Plan'!$Y:$Y=$S22)*('Jizan Migration Plan'!$X:$X=X$19),0)),0)} -> 0 | Y22: {=IFERROR(INDEX('Jizan Migration Plan'!$K:$K,MATCH(1,('Jizan Migration Plan'!$Y:$Y=$S22)*('Jizan Migration Plan'!$X:$X=Y$19),0)),0)} -> 0 | Z22: {=IFERROR(INDEX('Jizan Migration Plan'!$K:$K,MATCH(1,('Jizan Migration Plan'!$Y:$Y=$S22)*('Jizan Migration Plan'!$X:$X=Z$19),0)),0)} -> 0
A23: Batch 04 | B23: {=IFERROR(AVERAGE(_xlfn._xlws.FILTER(IF(TODAY()<'ABHA Migration Plan'!$E$2:$E$205,0,IF(TODAY()>='ABHA Migration Plan'!$F$2:$F$205,1,NETWORKDAYS.INTL('ABHA Migration Plan'!$E$2:$E$205,TODAY(),"0000011")/NETWORKDAYS.INTL('ABHA Migration Plan'!$E$2:$E$205,'ABHA Migration Plan'!$F$2:$F$205,"0000011"))),('ABHA Migration Plan'!$Y$2:$Y$205=$A23)*('ABHA Migration Plan'!$E$2:$E$205<>"")*('ABHA Migration Plan'!$F$2:$F$205<>""))),0)} -> 0.2 | C23: =AVERAGE(D23:H23) -> 0.18 | D23: {=IFERROR(INDEX('ABHA Migration Plan'!$K:$K,MATCH(1,('ABHA Migration Plan'!$Y:$Y=$A23)*('ABHA Migration Plan'!$X:$X=D$19),0)),0)} -> 0.9 | E23: {=IFERROR(INDEX('ABHA Migration Plan'!$K:$K,MATCH(1,('ABHA Migration Plan'!$Y:$Y=$A23)*('ABHA Migration Plan'!$X:$X=E$19),0)),0)} -> 0 | F23: {=IFERROR(INDEX('ABHA Migration Plan'!$K:$K,MATCH(1,('ABHA Migration Plan'!$Y:$Y=$A23)*('ABHA Migration Plan'!$X:$X=F$19),0)),0)} -> 0 | G23: {=IFERROR(INDEX('ABHA Migration Plan'!$K:$K,MATCH(1,('ABHA Migration Plan'!$Y:$Y=$A23)*('ABHA Migration Plan'!$X:$X=G$19),0)),0)} -> 0 | H23: {=IFERROR(INDEX('ABHA Migration Plan'!$K:$K,MATCH(1,('ABHA Migration Plan'!$Y:$Y=$A23)*('ABHA Migration Plan'!$X:$X=H$19),0)),0)} -> 0 | S23: Batch 04 | T23: {=IFERROR(AVERAGE(_xlfn._xlws.FILTER(IF(TODAY()<'Jizan Migration Plan'!$E$2:$E$205,0,IF(TODAY()>='Jizan Migration Plan'!$F$2:$F$205,1,NETWORKDAYS.INTL('Jizan Migration Plan'!$E$2:$E$205,TODAY(),"0000011")/NETWORKDAYS.INTL('Jizan Migration Plan'!$E$2:$E$205,'Jizan Migration Plan'!$F$2:$F$205,"0000011"))),('Jizan Migration Plan'!$Y$2:$Y$205=$S23)*('Jizan Migration Plan'!$E$2:$E$205<>"")*('Jizan Migration Plan'!$F$2:$F$205<>""))),0)} -> 0 | U23: =AVERAGE(V23:Z23) -> 0 | V23: {=IFERROR(INDEX('Jizan Migration Plan'!$K:$K,MATCH(1,('Jizan Migration Plan'!$Y:$Y=$S23)*('Jizan Migration Plan'!$X:$X=V$19),0)),0)} -> 0 | W23: {=IFERROR(INDEX('Jizan Migration Plan'!$K:$K,MATCH(1,('Jizan Migration Plan'!$Y:$Y=$S23)*('Jizan Migration Plan'!$X:$X=W$19),0)),0)} -> 0 | X23: {=IFERROR(INDEX('Jizan Migration Plan'!$K:$K,MATCH(1,('Jizan Migration Plan'!$Y:$Y=$S23)*('Jizan Migration Plan'!$X:$X=X$19),0)),0)} -> 0 | Y23: {=IFERROR(INDEX('Jizan Migration Plan'!$K:$K,MATCH(1,('Jizan Migration Plan'!$Y:$Y=$S23)*('Jizan Migration Plan'!$X:$X=Y$19),0)),0)} -> 0 | Z23: {=IFERROR(INDEX('Jizan Migration Plan'!$K:$K,MATCH(1,('Jizan Migration Plan'!$Y:$Y=$S23)*('Jizan Migration Plan'!$X:$X=Z$19),0)),0)} -> 0
A24: Batch 05 | B24: {=IFERROR(AVERAGE(_xlfn._xlws.FILTER(IF(TODAY()<'ABHA Migration Plan'!$E$2:$E$205,0,IF(TODAY()>='ABHA Migration Plan'!$F$2:$F$205,1,NETWORKDAYS.INTL('ABHA Migration Plan'!$E$2:$E$205,TODAY(),"0000011")/NETWORKDAYS.INTL('ABHA Migration Plan'!$E$2:$E$205,'ABHA Migration Plan'!$F$2:$F$205,"0000011"))),('ABHA Migration Plan'!$Y$2:$Y$205=$A24)*('ABHA Migration Plan'!$E$2:$E$205<>"")*('ABHA Migration Plan'!$F$2:$F$205<>""))),0)} -> 0 | C24: =AVERAGE(D24:H24) -> 0 | D24: {=IFERROR(INDEX('ABHA Migration Plan'!$K:$K,MATCH(1,('ABHA Migration Plan'!$Y:$Y=$A24)*('ABHA Migration Plan'!$X:$X=D$19),0)),0)} -> 0 | E24: {=IFERROR(INDEX('ABHA Migration Plan'!$K:$K,MATCH(1,('ABHA Migration Plan'!$Y:$Y=$A24)*('ABHA Migration Plan'!$X:$X=E$19),0)),0)} -> 0 | F24: {=IFERROR(INDEX('ABHA Migration Plan'!$K:$K,MATCH(1,('ABHA Migration Plan'!$Y:$Y=$A24)*('ABHA Migration Plan'!$X:$X=F$19),0)),0)} -> 0 | G24: {=IFERROR(INDEX('ABHA Migration Plan'!$K:$K,MATCH(1,('ABHA Migration Plan'!$Y:$Y=$A24)*('ABHA Migration Plan'!$X:$X=G$19),0)),0)} -> 0 | H24: {=IFERROR(INDEX('ABHA Migration Plan'!$K:$K,MATCH(1,('ABHA Migration Plan'!$Y:$Y=$A24)*('ABHA Migration Plan'!$X:$X=H$19),0)),0)} -> 0 | S24: Batch 05 | T24: {=IFERROR(AVERAGE(_xlfn._xlws.FILTER(IF(TODAY()<'Jizan Migration Plan'!$E$2:$E$205,0,IF(TODAY()>='Jizan Migration Plan'!$F$2:$F$205,1,NETWORKDAYS.INTL('Jizan Migration Plan'!$E$2:$E$205,TODAY(),"0000011")/NETWORKDAYS.INTL('Jizan Migration Plan'!$E$2:$E$205,'Jizan Migration Plan'!$F$2:$F$205,"0000011"))),('Jizan Migration Plan'!$Y$2:$Y$205=$S24)*('Jizan Migration Plan'!$E$2:$E$205<>"")*('Jizan Migration Plan'!$F$2:$F$205<>""))),0)} -> 0 | U24: =AVERAGE(V24:Z24) -> 0 | V24: {=IFERROR(INDEX('Jizan Migration Plan'!$K:$K,MATCH(1,('Jizan Migration Plan'!$Y:$Y=$S24)*('Jizan Migration Plan'!$X:$X=V$19),0)),0)} -> 0 | W24: {=IFERROR(INDEX('Jizan Migration Plan'!$K:$K,MATCH(1,('Jizan Migration Plan'!$Y:$Y=$S24)*('Jizan Migration Plan'!$X:$X=W$19),0)),0)} -> 0 | X24: {=IFERROR(INDEX('Jizan Migration Plan'!$K:$K,MATCH(1,('Jizan Migration Plan'!$Y:$Y=$S24)*('Jizan Migration Plan'!$X:$X=X$19),0)),0)} -> 0 | Y24: {=IFERROR(INDEX('Jizan Migration Plan'!$K:$K,MATCH(1,('Jizan Migration Plan'!$Y:$Y=$S24)*('Jizan Migration Plan'!$X:$X=Y$19),0)),0)} -> 0 | Z24: {=IFERROR(INDEX('Jizan Migration Plan'!$K:$K,MATCH(1,('Jizan Migration Plan'!$Y:$Y=$S24)*('Jizan Migration Plan'!$X:$X=Z$19),0)),0)} -> 0
A25: Batch 06 | B25: {=IFERROR(AVERAGE(_xlfn._xlws.FILTER(IF(TODAY()<'ABHA Migration Plan'!$E$2:$E$205,0,IF(TODAY()>='ABHA Migration Plan'!$F$2:$F$205,1,NETWORKDAYS.INTL('ABHA Migration Plan'!$E$2:$E$205,TODAY(),"0000011")/NETWORKDAYS.INTL('ABHA Migration Plan'!$E$2:$E$205,'ABHA Migration Plan'!$F$2:$F$205,"0000011"))),('ABHA Migration Plan'!$Y$2:$Y$205=$A25)*('ABHA Migration Plan'!$E$2:$E$205<>"")*('ABHA Migration Plan'!$F$2:$F$205<>""))),0)} -> 0 | C25: =AVERAGE(D25:H25) -> 0 | D25: {=IFERROR(INDEX('ABHA Migration Plan'!$K:$K,MATCH(1,('ABHA Migration Plan'!$Y:$Y=$A25)*('ABHA Migration Plan'!$X:$X=D$19),0)),0)} -> 0 | E25: {=IFERROR(INDEX('ABHA Migration Plan'!$K:$K,MATCH(1,('ABHA Migration Plan'!$Y:$Y=$A25)*('ABHA Migration Plan'!$X:$X=E$19),0)),0)} -> 0 | F25: {=IFERROR(INDEX('ABHA Migration Plan'!$K:$K,MATCH(1,('ABHA Migration Plan'!$Y:$Y=$A25)*('ABHA Migration Plan'!$X:$X=F$19),0)),0)} -> 0 | G25: {=IFERROR(INDEX('ABHA Migration Plan'!$K:$K,MATCH(1,('ABHA Migration Plan'!$Y:$Y=$A25)*('ABHA Migration Plan'!$X:$X=G$19),0)),0)} -> 0 | H25: {=IFERROR(INDEX('ABHA Migration Plan'!$K:$K,MATCH(1,('ABHA Migration Plan'!$Y:$Y=$A25)*('ABHA Migration Plan'!$X:$X=H$19),0)),0)} -> 0 | S25: Batch 06 | T25: {=IFERROR(AVERAGE(_xlfn._xlws.FILTER(IF(TODAY()<'Jizan Migration Plan'!$E$2:$E$205,0,IF(TODAY()>='Jizan Migration Plan'!$F$2:$F$205,1,NETWORKDAYS.INTL('Jizan Migration Plan'!$E$2:$E$205,TODAY(),"0000011")/NETWORKDAYS.INTL('Jizan Migration Plan'!$E$2:$E$205,'Jizan Migration Plan'!$F$2:$F$205,"0000011"))),('Jizan Migration Plan'!$Y$2:$Y$205=$S25)*('Jizan Migration Plan'!$E$2:$E$205<>"")*('Jizan Migration Plan'!$F$2:$F$205<>""))),0)} -> 0 | U25: =AVERAGE(V25:Z25) -> 0 | V25: {=IFERROR(INDEX('Jizan Migration Plan'!$K:$K,MATCH(1,('Jizan Migration Plan'!$Y:$Y=$S25)*('Jizan Migration Plan'!$X:$X=V$19),0)),0)} -> 0 | W25: {=IFERROR(INDEX('Jizan Migration Plan'!$K:$K,MATCH(1,('Jizan Migration Plan'!$Y:$Y=$S25)*('Jizan Migration Plan'!$X:$X=W$19),0)),0)} -> 0 | X25: {=IFERROR(INDEX('Jizan Migration Plan'!$K:$K,MATCH(1,('Jizan Migration Plan'!$Y:$Y=$S25)*('Jizan Migration Plan'!$X:$X=X$19),0)),0)} -> 0 | Y25: {=IFERROR(INDEX('Jizan Migration Plan'!$K:$K,MATCH(1,('Jizan Migration Plan'!$Y:$Y=$S25)*('Jizan Migration Plan'!$X:$X=Y$19),0)),0)} -> 0 | Z25: {=IFERROR(INDEX('Jizan Migration Plan'!$K:$K,MATCH(1,('Jizan Migration Plan'!$Y:$Y=$S25)*('Jizan Migration Plan'!$X:$X=Z$19),0)),0)} -> 0
A26: Batch 07 | B26: {=IFERROR(AVERAGE(_xlfn._xlws.FILTER(IF(TODAY()<'ABHA Migration Plan'!$E$2:$E$205,0,IF(TODAY()>='ABHA Migration Plan'!$F$2:$F$205,1,NETWORKDAYS.INTL('ABHA Migration Plan'!$E$2:$E$205,TODAY(),"0000011")/NETWORKDAYS.INTL('ABHA Migration Plan'!$E$2:$E$205,'ABHA Migration Plan'!$F$2:$F$205,"0000011"))),('ABHA Migration Plan'!$Y$2:$Y$205=$A26)*('ABHA Migration Plan'!$E$2:$E$205<>"")*('ABHA Migration Plan'!$F$2:$F$205<>""))),0)} -> 0 | C26: =AVERAGE(D26:H26) -> 0 | D26: {=IFERROR(INDEX('ABHA Migration Plan'!$K:$K,MATCH(1,('ABHA Migration Plan'!$Y:$Y=$A26)*('ABHA Migration Plan'!$X:$X=D$19),0)),0)} -> 0 | E26: {=IFERROR(INDEX('ABHA Migration Plan'!$K:$K,MATCH(1,('ABHA Migration Plan'!$Y:$Y=$A26)*('ABHA Migration Plan'!$X:$X=E$19),0)),0)} -> 0 | F26: {=IFERROR(INDEX('ABHA Migration Plan'!$K:$K,MATCH(1,('ABHA Migration Plan'!$Y:$Y=$A26)*('ABHA Migration Plan'!$X:$X=F$19),0)),0)} -> 0 | G26: {=IFERROR(INDEX('ABHA Migration Plan'!$K:$K,MATCH(1,('ABHA Migration Plan'!$Y:$Y=$A26)*('ABHA Migration Plan'!$X:$X=G$19),0)),0)} -> 0 | H26: {=IFERROR(INDEX('ABHA Migration Plan'!$K:$K,MATCH(1,('ABHA Migration Plan'!$Y:$Y=$A26)*('ABHA Migration Plan'!$X:$X=H$19),0)),0)} -> 0 | S26: Batch 07 | T26: {=IFERROR(AVERAGE(_xlfn._xlws.FILTER(IF(TODAY()<'Jizan Migration Plan'!$E$2:$E$205,0,IF(TODAY()>='Jizan Migration Plan'!$F$2:$F$205,1,NETWORKDAYS.INTL('Jizan Migration Plan'!$E$2:$E$205,TODAY(),"0000011")/NETWORKDAYS.INTL('Jizan Migration Plan'!$E$2:$E$205,'Jizan Migration Plan'!$F$2:$F$205,"0000011"))),('Jizan Migration Plan'!$Y$2:$Y$205=$S26)*('Jizan Migration Plan'!$E$2:$E$205<>"")*('Jizan Migration Plan'!$F$2:$F$205<>""))),0)} -> 0 | U26: =AVERAGE(V26:Z26) -> 0 | V26: {=IFERROR(INDEX('Jizan Migration Plan'!$K:$K,MATCH(1,('Jizan Migration Plan'!$Y:$Y=$S26)*('Jizan Migration Plan'!$X:$X=V$19),0)),0)} -> 0 | W26: {=IFERROR(INDEX('Jizan Migration Plan'!$K:$K,MATCH(1,('Jizan Migration Plan'!$Y:$Y=$S26)*('Jizan Migration Plan'!$X:$X=W$19),0)),0)} -> 0 | X26: {=IFERROR(INDEX('Jizan Migration Plan'!$K:$K,MATCH(1,('Jizan Migration Plan'!$Y:$Y=$S26)*('Jizan Migration Plan'!$X:$X=X$19),0)),0)} -> 0 | Y26: {=IFERROR(INDEX('Jizan Migration Plan'!$K:$K,MATCH(1,('Jizan Migration Plan'!$Y:$Y=$S26)*('Jizan Migration Plan'!$X:$X=Y$19),0)),0)} -> 0 | Z26: {=IFERROR(INDEX('Jizan Migration Plan'!$K:$K,MATCH(1,('Jizan Migration Plan'!$Y:$Y=$S26)*('Jizan Migration Plan'!$X:$X=Z$19),0)),0)} -> 0
A27: Batch 08 | B27: {=IFERROR(AVERAGE(_xlfn._xlws.FILTER(IF(TODAY()<'ABHA Migration Plan'!$E$2:$E$205,0,IF(TODAY()>='ABHA Migration Plan'!$F$2:$F$205,1,NETWORKDAYS.INTL('ABHA Migration Plan'!$E$2:$E$205,TODAY(),"0000011")/NETWORKDAYS.INTL('ABHA Migration Plan'!$E$2:$E$205,'ABHA Migration Plan'!$F$2:$F$205,"0000011"))),('ABHA Migration Plan'!$Y$2:$Y$205=$A27)*('ABHA Migration Plan'!$E$2:$E$205<>"")*('ABHA Migration Plan'!$F$2:$F$205<>""))),0)} -> 0 | C27: =AVERAGE(D27:H27) -> 0 | D27: {=IFERROR(INDEX('ABHA Migration Plan'!$K:$K,MATCH(1,('ABHA Migration Plan'!$Y:$Y=$A27)*('ABHA Migration Plan'!$X:$X=D$19),0)),0)} -> 0 | E27: {=IFERROR(INDEX('ABHA Migration Plan'!$K:$K,MATCH(1,('ABHA Migration Plan'!$Y:$Y=$A27)*('ABHA Migration Plan'!$X:$X=E$19),0)),0)} -> 0 | F27: {=IFERROR(INDEX('ABHA Migration Plan'!$K:$K,MATCH(1,('ABHA Migration Plan'!$Y:$Y=$A27)*('ABHA Migration Plan'!$X:$X=F$19),0)),0)} -> 0 | G27: {=IFERROR(INDEX('ABHA Migration Plan'!$K:$K,MATCH(1,('ABHA Migration Plan'!$Y:$Y=$A27)*('ABHA Migration Plan'!$X:$X=G$19),0)),0)} -> 0 | H27: {=IFERROR(INDEX('ABHA Migration Plan'!$K:$K,MATCH(1,('ABHA Migration Plan'!$Y:$Y=$A27)*('ABHA Migration Plan'!$X:$X=H$19),0)),0)} -> 0 | S27: Batch 08 | T27: {=IFERROR(AVERAGE(_xlfn._xlws.FILTER(IF(TODAY()<'Jizan Migration Plan'!$E$2:$E$205,0,IF(TODAY()>='Jizan Migration Plan'!$F$2:$F$205,1,NETWORKDAYS.INTL('Jizan Migration Plan'!$E$2:$E$205,TODAY(),"0000011")/NETWORKDAYS.INTL('Jizan Migration Plan'!$E$2:$E$205,'Jizan Migration Plan'!$F$2:$F$205,"0000011"))),('Jizan Migration Plan'!$Y$2:$Y$205=$S27)*('Jizan Migration Plan'!$E$2:$E$205<>"")*('Jizan Migration Plan'!$F$2:$F$205<>""))),0)} -> 0 | U27: =AVERAGE(V27:Z27) -> 0 | V27: {=IFERROR(INDEX('Jizan Migration Plan'!$K:$K,MATCH(1,('Jizan Migration Plan'!$Y:$Y=$S27)*('Jizan Migration Plan'!$X:$X=V$19),0)),0)} -> 0 | W27: {=IFERROR(INDEX('Jizan Migration Plan'!$K:$K,MATCH(1,('Jizan Migration Plan'!$Y:$Y=$S27)*('Jizan Migration Plan'!$X:$X=W$19),0)),0)} -> 0 | X27: {=IFERROR(INDEX('Jizan Migration Plan'!$K:$K,MATCH(1,('Jizan Migration Plan'!$Y:$Y=$S27)*('Jizan Migration Plan'!$X:$X=X$19),0)),0)} -> 0 | Y27: {=IFERROR(INDEX('Jizan Migration Plan'!$K:$K,MATCH(1,('Jizan Migration Plan'!$Y:$Y=$S27)*('Jizan Migration Plan'!$X:$X=Y$19),0)),0)} -> 0 | Z27: {=IFERROR(INDEX('Jizan Migration Plan'!$K:$K,MATCH(1,('Jizan Migration Plan'!$Y:$Y=$S27)*('Jizan Migration Plan'!$X:$X=Z$19),0)),0)} -> 0

Sheet Summary Dates Option 01 &02
C2: Western Region - Upstream | L2: Southern Region -Upstream
C8: MADINAH | F8: JEDDAH | I8: MAKKAH | L8: ABHA | O8: JIZAN
C9: E2E & Cutover (Grid SS) (Option 01) | D9: Cutover Option 02 (Live on) | F9: E2E & Cutover (Grid SS) (Option 01) | G9: Cutover Option 02 (Live on) | I9: E2E & Cutover (Grid SS) (Option 01) | J9: Cutover Option 02 (Live on) | L9: E2E & Cutover (Grid SS) (Option 01) | M9: Cutover Option 02 (Live on) | O9: E2E & Cutover (Grid SS) (Option 01) | P9: Cutover Option 02 (Live on)
C10: Planned Finish Dates | D10: Planned Finish Dates | F10: Planned Finish Dates | G10: Planned Finish Dates | I10: Planned Finish Dates | J10: Planned Finish Dates | L10: Planned Finish Dates | M10: Planned Finish Dates | O10: Planned Finish Dates | P10: Planned Finish Dates
A11: Batch 01 | C11: ='MADINAH Migration Plan-'!F10 -> 46219 | D11: ='MADINAH Migration Plan-'!F76 -> 46280 | F11: ='Jeddah Migration Plan'!F12 -> 46229 | G11: ='Jeddah Migration Plan'!F78 -> 46320 | I11: ='Makkah Migration Plan'!F12 -> 46232 | J11: ='Makkah Migration Plan'!F78 -> 46302 | L11: ='ABHA Migration Plan'!F10 -> 46223 | M11: ='ABHA Migration Plan'!F64 -> 46280 | O11: ='Jizan Migration Plan'!F10 -> 46229 | P11: ='Jizan Migration Plan'!F64 -> 46280
A12: Batch 02 | C12: ='MADINAH Migration Plan-'!F16 -> 46224 | F12: ='Jeddah Migration Plan'!F18 -> 46236 | G12: ='ABHA Migration Plan'!$F$70 -> 46275 | I12: ='Makkah Migration Plan'!F18 -> 46237 | J12: ='ABHA Migration Plan'!$F$70 -> 46275 | L12: ='ABHA Migration Plan'!F16 -> 46229 | O12: ='Jizan Migration Plan'!F16 -> 46231
A13: Batch 03 | C13: ='MADINAH Migration Plan-'!F22 -> 46232 | F13: ='Jeddah Migration Plan'!F24 -> 46245 | G13: ='Jizan Migration Plan'!$F$70 -> 46272 | I13: ='Makkah Migration Plan'!F24 -> 46244 | J13: ='Jizan Migration Plan'!$F$70 -> 46272 | L13: ='ABHA Migration Plan'!F22 -> 46236 | O13: ='Jizan Migration Plan'!F22 -> 46238
A14: Batch 04 | C14: ='MADINAH Migration Plan-'!F28 -> 46236 | F14: ='Jeddah Migration Plan'!F30 -> 46254 | G14: ='Jeddah Migration Plan'!$F$84 -> 46310 | I14: ='Makkah Migration Plan'!F30 -> 46251 | J14: ='Jeddah Migration Plan'!$F$84 -> 46310 | L14: ='ABHA Migration Plan'!F28 -> 46244 | O14: ='Jizan Migration Plan'!F28 -> 46244
A15: Batch 05 | C15: ='MADINAH Migration Plan-'!F34 -> 46240 | F15: ='Jeddah Migration Plan'!F36 -> 46265 | G15: ='Makkah Migration Plan'!$F$84 -> 46299 | I15: ='Makkah Migration Plan'!F36 -> 46258 | J15: ='Makkah Migration Plan'!$F$84 -> 46299 | L15: ='ABHA Migration Plan'!F34 -> 46252 | O15: ='Jizan Migration Plan'!F34 -> 46250
A16: Batch 06 | C16: ='MADINAH Migration Plan-'!F40 -> 46246 | F16: ='Jeddah Migration Plan'!F42 -> 46275 | I16: ='Makkah Migration Plan'!F42 -> 46265 | L16: ='ABHA Migration Plan'!F40 -> 46259 | O16: ='Jizan Migration Plan'!F40 -> 46254
A17: Batch 07 | C17: ='MADINAH Migration Plan-'!F46 -> 46252 | F17: ='Jeddah Migration Plan'!F48 -> 46285 | I17: ='Makkah Migration Plan'!F48 -> 46272 | L17: ='ABHA Migration Plan'!F46 -> 46266 | O17: ='Jizan Migration Plan'!F46 -> 46260
A18: Batch 08 | C18: ='MADINAH Migration Plan-'!F52 -> 46258 | F18: ='Jeddah Migration Plan'!F54 -> 46294 | I18: ='Makkah Migration Plan'!F54 -> 46279 | L18: ='ABHA Migration Plan'!F52 -> 46273 | O18: ='Jizan Migration Plan'!F52 -> 46268
A19: Batch 09 | C19: ='MADINAH Migration Plan-'!F58 -> 46264 | F19: ='Jeddah Migration Plan'!F60 -> 46303 | I19: ='Makkah Migration Plan'!F60 -> 46286
A20: Batch 10 | C20: ='MADINAH Migration Plan-'!F64 -> 46268 | F20: ='Jeddah Migration Plan'!F66 -> 46315 | I20: ='Makkah Migration Plan'!F66 -> 46293

Sheet ABHA Migration Plan
C2: Activity | D2: Working Days | E2: Planned Start | F2: Planned Finish | G2: Expected Start | H2: Expected Finish | I2: Actual Start / Expected Start | J2: Actual Finish / Expected Finish | K2: % Progress | L2: Status | N2: 46113 | O2: 46143 | P2: 46174 | Q2: 46204 | R2: 46235 | S2: 46266 | T2: 46296 | U2: Remark
C3: Database Migration (1st Round) | F3: Completed | H3: Completed | K3: 1 | L3: =IF(OR(K3=100%,J3<>""),"Completed",IF(AND(OR(K3="",K3=0),E3>TODAY()),"Not Started",IF(AND(OR(K3="",K3=0),E3<=TODAY()),"Delayed",IF(AND(K3>0,K3<100%,F3<TODAY()),"Delayed",IF(AND(K3>0,K3<100%),"In Progress",""))))) -> Completed | U3: Abha Database Migration (1st Round) completed
B5: 1st Batch (6 SS) | C5: SLD and DB - Upstream | D5: =NETWORKDAYS.INTL(E5,F5,"0000100",$AC$5:$AC$12) -> 19 | E5: =WORKDAY.INTL("6-May-26",0,"0000100") -> 46148 | F5: =WORKDAY.INTL(E5,18,"0000100",$AC$5:$AC$11) -> 46175 | G5: =WORKDAY.INTL("6-May-26",0,"0000100") -> 46148 | H5: =WORKDAY.INTL(G5,18,"0000100",$AC$5:$AC$11) -> 46175 | I5: 46148 | J5: 46175 | K5: 1 | L5: =IF(OR(K5=100%,J5<>""),"Completed",IF(AND(OR(K5="",K5=0),E5>TODAY()),"Not Started",IF(AND(OR(K5="",K5=0),E5<=TODAY()),"Delayed",IF(AND(K5>0,K5<100%,F5<TODAY()),"Delayed",IF(AND(K5>0,K5<100%),"In Progress",""))))) -> Completed | V5: 6 Days Calendar | X5: SLD Submission | Y5: Batch 01 | AC5: 46166
C6: Validation by SE - Upstream | D6: =NETWORKDAYS.INTL(E6,F6,"0000100",$AC$5:$AC$12) -> 19 | E6: 46174 | F6: 46195 | G6: 46174 | H6: 46195 | I6: 46174 | K6: 0.5 | L6: =IF(OR(K6=100%,J6<>""),"Completed",IF(AND(OR(K6="",K6=0),E6>TODAY()),"Not Started",IF(AND(OR(K6="",K6=0),E6<=TODAY()),"Delayed",IF(AND(K6>0,K6<100%,F6<TODAY()),"Delayed",IF(AND(K6>0,K6<100%),"In Progress",""))))) -> Delayed | V6: 6 Days Calendar | X6: SLD Validation | Y6: Batch 01 | AC6: 46167
C7: Telecom Rediness - Upstream | E7: Started | F7: 46217 | G7: Started | H7: 46217 | L7: =IF(OR(K7=100%,J7<>""),"Completed",IF(AND(OR(K7="",K7=0),E7>TODAY()),"Not Started",IF(AND(OR(K7="",K7=0),E7<=TODAY()),"Delayed",IF(AND(K7>0,K7<100%,F7<TODAY()),"Delayed",IF(AND(K7>0,K7<100%),"In Progress",""))))) -> Not Started | AC7: 46168
C8: E2E - Upstream | D8: =NETWORKDAYS.INTL(E8,F8,"0000110",$AC$5:$AC$12) -> 2 | E8: =WORKDAY.INTL(F7,1,"0000110",$AC$5:$AC$10) -> 46218 | F8: =WORKDAY.INTL(E8,1,"0000110",$AC$5:$AC$11) -> 46219 | G8: =WORKDAY.INTL(H7,1,"0000110",$AC$5:$AC$10) -> 46218 | H8: =WORKDAY.INTL(G8,1,"0000110",$AC$5:$AC$11) -> 46219 | L8: =IF(OR(K8=100%,J8<>""),"Completed",IF(AND(OR(K8="",K8=0),E8>TODAY()),"Not Started",IF(AND(OR(K8="",K8=0),E8<=TODAY()),"Delayed",IF(AND(K8>0,K8<100%,F8<TODAY()),"Delayed",IF(AND(K8>0,K8<100%),"In Progress",""))))) -> Not Started | U8: Depend on Telecom Readiness Cutover Depend on Succesful Completion of E2E | V8: 5 Days Calendar | X8: E2E for Grid SS | Y8: Batch 01 | AC8: 46169
C9: E2E Comments Rectification - Upstream | D9: =NETWORKDAYS.INTL(E9,F9,"0000110",$AC$5:$AC$12) -> 2 | E9: =WORKDAY.INTL(F8,1,"0000110",$AC$5:$AC$10) -> 46222 | F9: =WORKDAY.INTL(E9,1,"0000110",$AC$5:$AC$11) -> 46223 | G9: =WORKDAY.INTL(H8,1,"0000110",$AC$5:$AC$10) -> 46222 | H9: =WORKDAY.INTL(G9,1,"0000110",$AC$5:$AC$11) -> 46223 | L9: =IF(OR(K9=100%,J9<>""),"Completed",IF(AND(OR(K9="",K9=0),E9>TODAY()),"Not Started",IF(AND(OR(K9="",K9=0),E9<=TODAY()),"Delayed",IF(AND(K9>0,K9<100%,F9<TODAY()),"Delayed",IF(AND(K9>0,K9<100%),"In Progress",""))))) -> Not Started | U9: Handle grid models, graphics, data accuracy issues, not including field equipment and communication etc | V9: 5 Days Calendar | X9: E2E Rectification | Y9: Batch 01 | AC9: 46170
C10: Cuttover - Upstream | D10: =NETWORKDAYS.INTL(E10,F10,"0000110",$AC$5:$AC$12) -> 1 | E10: =WORKDAY.INTL(F9,0,"0000110",$AC$5:$AC$10) -> 46223 | F10: =WORKDAY.INTL(E10,0,"0000110",$AC$5:$AC$11) -> 46223 | G10: =WORKDAY.INTL(H9,0,"0000110",$AC$5:$AC$10) -> 46223 | H10: =WORKDAY.INTL(G10,0,"0000110",$AC$5:$AC$11) -> 46223 | L10: =IF(OR(K10=100%,J10<>""),"Completed",IF(AND(OR(K10="",K10=0),E10>TODAY()),"Not Started",IF(AND(OR(K10="",K10=0),E10<=TODAY()),"Delayed",IF(AND(K10>0,K10<100%,F10<TODAY()),"Delayed",IF(AND(K10>0,K10<100%),"In Progress",""))))) -> Not Started | V10: 5 Days Calendar | X10: Cutover | Y10: Batch 01 | AC10: 46171
AC11: 46288
B12: 2nd Batch (10 SS) | C12: SLD and DB - Upstream | D12: =NETWORKDAYS.INTL(E12,F12,"0000100",$AC$5:$AC$12) -> 8 | E12: 46164 | F12: 46179 | G12: 46164 | H12: 46179 | I12: 46164 | J12: 46182 | K12: 1 | L12: =IF(OR(K12=100%,J12<>""),"Completed",IF(AND(OR(K12="",K12=0),E12>TODAY()),"Not Started",IF(AND(OR(K12="",K12=0),E12<=TODAY()),"Delayed",IF(AND(K12>0,K12<100%,F12<TODAY()),"Delayed",IF(AND(K12>0,K12<100%),"In Progress",""))))) -> Completed | X12: SLD Submission | Y12: Batch 02 | AC12: 46288
C13: Validation by SE - Upstream | D13: =NETWORKDAYS.INTL(E13,F13,"0000100",$AC$5:$AC$12) -> 14 | E13: 46183 | F13: =WORKDAY.INTL(E13,13,"0000100",$AC$5:$AC$11) -> 46198 | G13: 46183 | H13: =WORKDAY.INTL(G13,13,"0000100",$AC$5:$AC$11) -> 46198 | I13: 46187 | K13: 0.2 | L13: =IF(OR(K13=100%,J13<>""),"Completed",IF(AND(OR(K13="",K13=0),E13>TODAY()),"Not Started",IF(AND(OR(K13="",K13=0),E13<=TODAY()),"Delayed",IF(AND(K13>0,K13<100%,F13<TODAY()),"Delayed",IF(AND(K13>0,K13<100%),"In Progress",""))))) -> In Progress | X13: SLD Validation | Y13: Batch 02
C14: E2E - Upstream | D14: =NETWORKDAYS.INTL(E14,F14,"0000110",$AC$5:$AC$12) -> 4 | E14: =WORKDAY.INTL(F8,1,"0000110",$AC$5:$AC$10) -> 46222 | F14: =WORKDAY.INTL(E14,3,"0000110",$AC$5:$AC$11) -> 46225 | G14: =WORKDAY.INTL(H8,1,"0000110",$AC$5:$AC$10) -> 46222 | H14: =WORKDAY.INTL(G14,3,"0000110",$AC$5:$AC$11) -> 46225 | L14: =IF(OR(K14=100%,J14<>""),"Completed",IF(AND(OR(K14="",K14=0),E14>TODAY()),"Not Started",IF(AND(OR(K14="",K14=0),E14<=TODAY()),"Delayed",IF(AND(K14>0,K14<100%,F14<TODAY()),"Delayed",IF(AND(K14>0,K14<100%),"In Progress",""))))) -> Not Started | U14: Depend on Telecom Readiness Cutover Depend on Succesful Completion of E2E | X14: E2E for Grid SS | Y14: Batch 02
C15: E2E Comments Rectification - Upstream | D15: =NETWORKDAYS.INTL(E15,F15,"0000110",$AC$5:$AC$12) -> 2 | E15: =WORKDAY.INTL(F14,1,"0000110",$AC$5:$AC$10) -> 46226 | F15: =WORKDAY.INTL(E15,1,"0000110",$AC$5:$AC$11) -> 46229 | G15: =WORKDAY.INTL(H14,1,"0000110",$AC$5:$AC$10) -> 46226 | H15: =WORKDAY.INTL(G15,1,"0000110",$AC$5:$AC$11) -> 46229 | L15: =IF(OR(K15=100%,J15<>""),"Completed",IF(AND(OR(K15="",K15=0),E15>TODAY()),"Not Started",IF(AND(OR(K15="",K15=0),E15<=TODAY()),"Delayed",IF(AND(K15>0,K15<100%,F15<TODAY()),"Delayed",IF(AND(K15>0,K15<100%),"In Progress",""))))) -> Not Started | U15: Handle grid models, graphics, data accuracy issues, not including field equipment and communication etc | X15: E2E Rectification | Y15: Batch 02
C16: Cuttover - Upstream | D16: =NETWORKDAYS.INTL(E16,F16,"0000110",$AC$5:$AC$12) -> 1 | E16: =WORKDAY.INTL(F15,0,"0000110",$AC$5:$AC$10) -> 46229 | F16: =WORKDAY.INTL(E16,0,"0000110",$AC$5:$AC$11) -> 46229 | G16: =WORKDAY.INTL(H15,0,"0000110",$AC$5:$AC$10) -> 46229 | H16: =WORKDAY.INTL(G16,0,"0000110",$AC$5:$AC$11) -> 46229 | L16: =IF(OR(K16=100%,J16<>""),"Completed",IF(AND(OR(K16="",K16=0),E16>TODAY()),"Not Started",IF(AND(OR(K16="",K16=0),E16<=TODAY()),"Delayed",IF(AND(K16>0,K16<100%,F16<TODAY()),"Delayed",IF(AND(K16>0,K16<100%),"In Progress",""))))) -> Not Started | X16: Cutover | Y16: Batch 02
B18: 3rd Batch (14 SS) | C18: SLD and DB - Upstream | D18: =NETWORKDAYS.INTL(E18,F18,"0000100",$AC$5:$AC$12) -> 10 | E18: =WORKDAY.INTL(F12,1,"0000100",$AC$5:$AC$11) -> 46180 | F18: 46190 | G18: =WORKDAY.INTL(H12,1,"0000100",$AC$5:$AC$11) -> 46180 | H18: 46190 | I18: 46171 | K18: 1 | L18: =IF(OR(K18=100%,J18<>""),"Completed",IF(AND(OR(K18="",K18=0),E18>TODAY()),"Not Started",IF(AND(OR(K18="",K18=0),E18<=TODAY()),"Delayed",IF(AND(K18>0,K18<100%,F18<TODAY()),"Delayed",IF(AND(K18>0,K18<100%),"In Progress",""))))) -> Completed | X18: SLD Submission | Y18: Batch 03
C19: Validation by SE - Upstream | D19: =NETWORKDAYS.INTL(E19,F19,"0000100",$AC$5:$AC$12) -> 5 | E19: =WORKDAY.INTL(F13,1,"0000100",$AC$5:$AC$11) -> 46200 | F19: =WORKDAY.INTL(E19,4,"0000100",$AC$5:$AC$11) -> 46204 | G19: =WORKDAY.INTL(H13,1,"0000100",$AC$5:$AC$11) -> 46200 | H19: =WORKDAY.INTL(G19,4,"0000100",$AC$5:$AC$11) -> 46204 | L19: =IF(OR(K19=100%,J19<>""),"Completed",IF(AND(OR(K19="",K19=0),E19>TODAY()),"Not Started",IF(AND(OR(K19="",K19=0),E19<=TODAY()),"Delayed",IF(AND(K19>0,K19<100%,F19<TODAY()),"Delayed",IF(AND(K19>0,K19<100%),"In Progress",""))))) -> Not Started | X19: SLD Validation | Y19: Batch 03
C20: E2E - Upstream | D20: =NETWORKDAYS.INTL(E20,F20,"0000110",$AC$5:$AC$12) -> 5 | E20: =WORKDAY.INTL(F14,1,"0000110",$AC$5:$AC$10) -> 46226 | F20: =WORKDAY.INTL(E20,4,"0000110",$AC$5:$AC$11) -> 46232 | G20: =WORKDAY.INTL(H14,1,"0000110",$AC$5:$AC$10) -> 46226 | H20: =WORKDAY.INTL(G20,4,"0000110",$AC$5:$AC$11) -> 46232 | L20: =IF(OR(K20=100%,J20<>""),"Completed",IF(AND(OR(K20="",K20=0),E20>TODAY()),"Not Started",IF(AND(OR(K20="",K20=0),E20<=TODAY()),"Delayed",IF(AND(K20>0,K20<100%,F20<TODAY()),"Delayed",IF(AND(K20>0,K20<100%),"In Progress",""))))) -> Not Started | U20: Depend on Telecom Readiness Cutover Depend on Succesful Completion of E2E | X20: E2E for Grid SS | Y20: Batch 03
C21: E2E Comments Rectification - Upstream | D21: =NETWORKDAYS.INTL(E21,F21,"0000110",$AC$5:$AC$12) -> 2 | E21: =WORKDAY.INTL(F20,1,"0000110",$AC$5:$AC$10) -> 46233 | F21: =WORKDAY.INTL(E21,1,"0000110",$AC$5:$AC$11) -> 46236 | G21: =WORKDAY.INTL(H20,1,"0000110",$AC$5:$AC$10) -> 46233 | H21: =WORKDAY.INTL(G21,1,"0000110",$AC$5:$AC$11) -> 46236 | L21: =IF(OR(K21=100%,J21<>""),"Completed",IF(AND(OR(K21="",K21=0),E21>TODAY()),"Not Started",IF(AND(OR(K21="",K21=0),E21<=TODAY()),"Delayed",IF(AND(K21>0,K21<100%,F21<TODAY()),"Delayed",IF(AND(K21>0,K21<100%),"In Progress",""))))) -> Not Started | U21: Handle grid models, graphics, data accuracy issues, not including field equipment and communication etc | X21: E2E Rectification | Y21: Batch 03
C22: Cuttover - Upstream | D22: =NETWORKDAYS.INTL(E22,F22,"0000110",$AC$5:$AC$12) -> 1 | E22: =WORKDAY.INTL(F21,0,"0000110",$AC$5:$AC$10) -> 46236 | F22: =WORKDAY.INTL(E22,0,"0000110",$AC$5:$AC$11) -> 46236 | G22: =WORKDAY.INTL(H21,0,"0000110",$AC$5:$AC$10) -> 46236 | H22: =WORKDAY.INTL(G22,0,"0000110",$AC$5:$AC$11) -> 46236 | L22: =IF(OR(K22=100%,J22<>""),"Completed",IF(AND(OR(K22="",K22=0),E22>TODAY()),"Not Started",IF(AND(OR(K22="",K22=0),E22<=TODAY()),"Delayed",IF(AND(K22>0,K22<100%,F22<TODAY()),"Delayed",IF(AND(K22>0,K22<100%),"In Progress",""))))) -> Not Started | X22: Cutover | Y22: Batch 03
B24: 4th Batch (16 SS) | C24: SLD and DB - Upstream | D24: =NETWORKDAYS.INTL(E24,F24,"0000100",$AC$5:$AC$12) -> 7 | E24: =WORKDAY.INTL(F18,1,"0000100",$AC$5:$AC$11) -> 46191 | F24: =WORKDAY.INTL(E24,6,"0000100",$AC$5:$AC$11) -> 46198 | G24: =WORKDAY.INTL(H18,1,"0000100",$AC$5:$AC$11) -> 46191 | H24: =WORKDAY.INTL(G24,6,"0000100",$AC$5:$AC$11) -> 46198 | K24: 0.9 | L24: =IF(OR(K24=100%,J24<>""),"Completed",IF(AND(OR(K24="",K24=0),E24>TODAY()),"Not Started",IF(AND(OR(K24="",K24=0),E24<=TODAY()),"Delayed",IF(AND(K24>0,K24<100%,F24<TODAY()),"Delayed",IF(AND(K24>0,K24<100%),"In Progress",""))))) -> In Progress | X24: SLD Submission | Y24: Batch 04
C25: Validation by SE - Upstream | D25: =NETWORKDAYS.INTL(E25,F25,"0000100",$AC$5:$AC$12) -> 5 | E25: =WORKDAY.INTL(F19,1,"0000100",$AC$5:$AC$11) -> 46205 | F25: =WORKDAY.INTL(E25,4,"0000100",$AC$5:$AC$11) -> 46210 | G25: =WORKDAY.INTL(H19,1,"0000100",$AC$5:$AC$11) -> 46205 | H25: =WORKDAY.INTL(G25,4,"0000100",$AC$5:$AC$11) -> 46210 | L25: =IF(OR(K25=100%,J25<>""),"Completed",IF(AND(OR(K25="",K25=0),E25>TODAY()),"Not Started",IF(AND(OR(K25="",K25=0),E25<=TODAY()),"Delayed",IF(AND(K25>0,K25<100%,F25<TODAY()),"Delayed",IF(AND(K25>0,K25<100%),"In Progress",""))))) -> Not Started | U25: Patch will be Submitted partially to work in parallel | X25: SLD Validation | Y25: Batch 04
C26: E2E - Upstream | D26: =NETWORKDAYS.INTL(E26,F26,"0000110",$AC$5:$AC$12) -> 6 | E26: =WORKDAY.INTL(F20,1,"0000110",$AC$5:$AC$11) -> 46233 | F26: =WORKDAY.INTL(E26,5,"0000110",$AC$5:$AC$11) -> 46240 | G26: =WORKDAY.INTL(H20,1,"0000110",$AC$5:$AC$11) -> 46233 | H26: =WORKDAY.INTL(G26,5,"0000110",$AC$5:$AC$11) -> 46240 | L26: =IF(OR(K26=100%,J26<>""),"Completed",IF(AND(OR(K26="",K26=0),E26>TODAY()),"Not Started",IF(AND(OR(K26="",K26=0),E26<=TODAY()),"Delayed",IF(AND(K26>0,K26<100%,F26<TODAY()),"Delayed",IF(AND(K26>0,K26<100%),"In Progress",""))))) -> Not Started | U26: Depend on Telecom Readiness Cutover Depend on Succesful Completion of E2E | X26: E2E for Grid SS | Y26: Batch 04
C27: E2E Comments Rectification - Upstream | D27: =NETWORKDAYS.INTL(E27,F27,"0000110",$AC$5:$AC$12) -> 2 | E27: =WORKDAY.INTL(F26,1,"0000110",$AC$5:$AC$11) -> 46243 | F27: =WORKDAY.INTL(E27,1,"0000110",$AC$5:$AC$11) -> 46244 | G27: =WORKDAY.INTL(H26,1,"0000110",$AC$5:$AC$11) -> 46243 | H27: =WORKDAY.INTL(G27,1,"0000110",$AC$5:$AC$11) -> 46244 | L27: =IF(OR(K27=100%,J27<>""),"Completed",IF(AND(OR(K27="",K27=0),E27>TODAY()),"Not Started",IF(AND(OR(K27="",K27=0),E27<=TODAY()),"Delayed",IF(AND(K27>0,K27<100%,F27<TODAY()),"Delayed",IF(AND(K27>0,K27<100%),"In Progress",""))))) -> Not Started | U27: Handle grid models, graphics, data accuracy issues, not including field equipment and communication etc | X27: E2E Rectification | Y27: Batch 04
C28: Cuttover - Upstream | D28: =NETWORKDAYS.INTL(E28,F28,"0000110",$AC$5:$AC$12) -> 1 | E28: =WORKDAY.INTL(F27,0,"0000110",$AC$5:$AC$11) -> 46244 | F28: =WORKDAY.INTL(E28,0,"0000110",$AC$5:$AC$11) -> 46244 | G28: =WORKDAY.INTL(H27,0,"0000110",$AC$5:$AC$11) -> 46244 | H28: =WORKDAY.INTL(G28,0,"0000110",$AC$5:$AC$11) -> 46244 | L28: =IF(OR(K28=100%,J28<>""),"Completed",IF(AND(OR(K28="",K28=0),E28>TODAY()),"Not Started",IF(AND(OR(K28="",K28=0),E28<=TODAY()),"Delayed",IF(AND(K28>0,K28<100%,F28<TODAY()),"Delayed",IF(AND(K28>0,K28<100%),"In Progress",""))))) -> Not Started | X28: Cutover | Y28: Batch 04
B30: 5th Batch (16 SS) | C30: SLD and DB - Upstream | D30: =NETWORKDAYS.INTL(E30,F30,"0000100",$AC$5:$AC$12) -> 7 | E30: =WORKDAY.INTL(F24,1,"0000100",$AC$5:$AC$11) -> 46200 | F30: =WORKDAY.INTL(E30,6,"0000100",$AC$5:$AC$11) -> 46207 | G30: =WORKDAY.INTL(H24,1,"0000100",$AC$5:$AC$11) -> 46200 | H30: =WORKDAY.INTL(G30,6,"0000100",$AC$5:$AC$11) -> 46207 | L30: =IF(OR(K30=100%,J30<>""),"Completed",IF(AND(OR(K30="",K30=0),E30>TODAY()),"Not Started",IF(AND(OR(K30="",K30=0),E30<=TODAY()),"Delayed",IF(AND(K30>0,K30<100%,F30<TODAY()),"Delayed",IF(AND(K30>0,K30<100%),"In Progress",""))))) -> Not Started | X30: SLD Submission | Y30: Batch 05
C31: Validation by SE - Upstream | D31: =NETWORKDAYS.INTL(E31,F31,"0000100",$AC$5:$AC$12) -> 5 | E31: =WORKDAY.INTL(F25,1,"0000100",$AC$5:$AC$11) -> 46211 | F31: =WORKDAY.INTL(E31,4,"0000100",$AC$5:$AC$11) -> 46216 | G31: =WORKDAY.INTL(H25,1,"0000100",$AC$5:$AC$11) -> 46211 | H31: =WORKDAY.INTL(G31,4,"0000100",$AC$5:$AC$11) -> 46216 | L31: =IF(OR(K31=100%,J31<>""),"Completed",IF(AND(OR(K31="",K31=0),E31>TODAY()),"Not Started",IF(AND(OR(K31="",K31=0),E31<=TODAY()),"Delayed",IF(AND(K31>0,K31<100%,F31<TODAY()),"Delayed",IF(AND(K31>0,K31<100%),"In Progress",""))))) -> Not Started | X31: SLD Validation | Y31: Batch 05
C32: E2E - Upstream | D32: =NETWORKDAYS.INTL(E32,F32,"0000110",$AC$5:$AC$12) -> 6 | E32: =WORKDAY.INTL(F26,1,"0000110") -> 46243 | F32: =WORKDAY.INTL(E32,5,"0000110") -> 46250 | G32: =WORKDAY.INTL(H26,1,"0000110") -> 46243 | H32: =WORKDAY.INTL(G32,5,"0000110") -> 46250 | L32: =IF(OR(K32=100%,J32<>""),"Completed",IF(AND(OR(K32="",K32=0),E32>TODAY()),"Not Started",IF(AND(OR(K32="",K32=0),E32<=TODAY()),"Delayed",IF(AND(K32>0,K32<100%,F32<TODAY()),"Delayed",IF(AND(K32>0,K32<100%),"In Progress",""))))) -> Not Started | U32: Depend on Telecom Readiness Cutover Depend on Succesful Completion of E2E | X32: E2E for Grid SS | Y32: Batch 05
C33: E2E Comments Rectification - Upstream | D33: =NETWORKDAYS.INTL(E33,F33,"0000110",$AC$5:$AC$12) -> 2 | E33: =WORKDAY.INTL(F32,1,"0000110") -> 46251 | F33: =WORKDAY.INTL(E33,1,"0000110") -> 46252 | G33: =WORKDAY.INTL(H32,1,"0000110") -> 46251 | H33: =WORKDAY.INTL(G33,1,"0000110") -> 46252 | L33: =IF(OR(K33=100%,J33<>""),"Completed",IF(AND(OR(K33="",K33=0),E33>TODAY()),"Not Started",IF(AND(OR(K33="",K33=0),E33<=TODAY()),"Delayed",IF(AND(K33>0,K33<100%,F33<TODAY()),"Delayed",IF(AND(K33>0,K33<100%),"In Progress",""))))) -> Not Started | U33: Handle grid models, graphics, data accuracy issues, not including field equipment and communication etc | X33: E2E Rectification | Y33: Batch 05
C34: Cuttover - Upstream | D34: =NETWORKDAYS.INTL(E34,F34,"0000110",$AC$5:$AC$12) -> 1 | E34: =WORKDAY.INTL(F33,0,"0000110") -> 46252 | F34: =WORKDAY.INTL(E34,0,"0000110") -> 46252 | G34: =WORKDAY.INTL(H33,0,"0000110") -> 46252 | H34: =WORKDAY.INTL(G34,0,"0000110") -> 46252 | L34: =IF(OR(K34=100%,J34<>""),"Completed",IF(AND(OR(K34="",K34=0),E34>TODAY()),"Not Started",IF(AND(OR(K34="",K34=0),E34<=TODAY()),"Delayed",IF(AND(K34>0,K34<100%,F34<TODAY()),"Delayed",IF(AND(K34>0,K34<100%),"In Progress",""))))) -> Not Started | X34: Cutover | Y34: Batch 05
B36: 6th Batch (14 SS) | C36: SLD and DB - Upstream | D36: =NETWORKDAYS.INTL(E36,F36,"0000100",$AC$5:$AC$12) -> 7 | E36: =WORKDAY.INTL(F30,1,"0000100",$AC$5:$AC$11) -> 46208 | F36: =WORKDAY.INTL(E36,6,"0000100",$AC$5:$AC$11) -> 46215 | G36: =WORKDAY.INTL(H30,1,"0000100",$AC$5:$AC$11) -> 46208 | H36: =WORKDAY.INTL(G36,6,"0000100",$AC$5:$AC$11) -> 46215 | L36: =IF(OR(K36=100%,J36<>""),"Completed",IF(AND(OR(K36="",K36=0),E36>TODAY()),"Not Started",IF(AND(OR(K36="",K36=0),E36<=TODAY()),"Delayed",IF(AND(K36>0,K36<100%,F36<TODAY()),"Delayed",IF(AND(K36>0,K36<100%),"In Progress",""))))) -> Not Started | X36: SLD Submission | Y36: Batch 06
C37: Validation by SE - Upstream | D37: =NETWORKDAYS.INTL(E37,F37,"0000100",$AC$5:$AC$12) -> 5 | E37: =WORKDAY.INTL(F31,1,"0000100",$AC$5:$AC$11) -> 46217 | F37: =WORKDAY.INTL(E37,4,"0000100",$AC$5:$AC$11) -> 46222 | G37: =WORKDAY.INTL(H31,1,"0000100",$AC$5:$AC$11) -> 46217 | H37: =WORKDAY.INTL(G37,4,"0000100",$AC$5:$AC$11) -> 46222 | L37: =IF(OR(K37=100%,J37<>""),"Completed",IF(AND(OR(K37="",K37=0),E37>TODAY()),"Not Started",IF(AND(OR(K37="",K37=0),E37<=TODAY()),"Delayed",IF(AND(K37>0,K37<100%,F37<TODAY()),"Delayed",IF(AND(K37>0,K37<100%),"In Progress",""))))) -> Not Started | X37: SLD Validation | Y37: Batch 06
C38: E2E - Upstream | D38: =NETWORKDAYS.INTL(E38,F38,"0000110",$AC$5:$AC$12) -> 5 | E38: =WORKDAY.INTL(F32,1,"0000110",$AC$5:$AC$11) -> 46251 | F38: =WORKDAY.INTL(E38,4,"0000110",$AC$5:$AC$11) -> 46257 | G38: =WORKDAY.INTL(H32,1,"0000110",$AC$5:$AC$11) -> 46251 | H38: =WORKDAY.INTL(G38,4,"0000110",$AC$5:$AC$11) -> 46257 | L38: =IF(OR(K38=100%,J38<>""),"Completed",IF(AND(OR(K38="",K38=0),E38>TODAY()),"Not Started",IF(AND(OR(K38="",K38=0),E38<=TODAY()),"Delayed",IF(AND(K38>0,K38<100%,F38<TODAY()),"Delayed",IF(AND(K38>0,K38<100%),"In Progress",""))))) -> Not Started | U38: Depend on Telecom Readiness Cutover Depend on Succesful Completion of E2E | X38: E2E for Grid SS | Y38: Batch 06
C39: E2E Comments Rectification - Upstream | D39: =NETWORKDAYS.INTL(E39,F39,"0000110",$AC$5:$AC$12) -> 2 | E39: =WORKDAY.INTL(F38,1,"0000110",$AC$5:$AC$11) -> 46258 | F39: =WORKDAY.INTL(E39,1,"0000110",$AC$5:$AC$11) -> 46259 | G39: =WORKDAY.INTL(H38,1,"0000110",$AC$5:$AC$11) -> 46258 | H39: =WORKDAY.INTL(G39,1,"0000110",$AC$5:$AC$11) -> 46259 | L39: =IF(OR(K39=100%,J39<>""),"Completed",IF(AND(OR(K39="",K39=0),E39>TODAY()),"Not Started",IF(AND(OR(K39="",K39=0),E39<=TODAY()),"Delayed",IF(AND(K39>0,K39<100%,F39<TODAY()),"Delayed",IF(AND(K39>0,K39<100%),"In Progress",""))))) -> Not Started | U39: Handle grid models, graphics, data accuracy issues, not including field equipment and communication etc | X39: E2E Rectification | Y39: Batch 06
C40: Cuttover - Upstream | D40: =NETWORKDAYS.INTL(E40,F40,"0000110",$AC$5:$AC$12) -> 1 | E40: =WORKDAY.INTL(F39,0,"0000110",$AC$5:$AC$11) -> 46259 | F40: =WORKDAY.INTL(E40,0,"0000110",$AC$5:$AC$11) -> 46259 | G40: =WORKDAY.INTL(H39,0,"0000110",$AC$5:$AC$11) -> 46259 | H40: =WORKDAY.INTL(G40,0,"0000110",$AC$5:$AC$11) -> 46259 | L40: =IF(OR(K40=100%,J40<>""),"Completed",IF(AND(OR(K40="",K40=0),E40>TODAY()),"Not Started",IF(AND(OR(K40="",K40=0),E40<=TODAY()),"Delayed",IF(AND(K40>0,K40<100%,F40<TODAY()),"Delayed",IF(AND(K40>0,K40<100%),"In Progress",""))))) -> Not Started | X40: Cutover | Y40: Batch 06
B42: 7th Batch (15 SS) | C42: SLD and DB - Upstream | D42: =NETWORKDAYS.INTL(E42,F42,"0000100",$AC$5:$AC$12) -> 7 | E42: =WORKDAY.INTL(F36,1,"0000100",$AC$5:$AC$11) -> 46216 | F42: =WORKDAY.INTL(E42,6,"0000100",$AC$5:$AC$11) -> 46223 | G42: =WORKDAY.INTL(H36,1,"0000100",$AC$5:$AC$11) -> 46216 | H42: =WORKDAY.INTL(G42,6,"0000100",$AC$5:$AC$11) -> 46223 | L42: =IF(OR(K42=100%,J42<>""),"Completed",IF(AND(OR(K42="",K42=0),E42>TODAY()),"Not Started",IF(AND(OR(K42="",K42=0),E42<=TODAY()),"Delayed",IF(AND(K42>0,K42<100%,F42<TODAY()),"Delayed",IF(AND(K42>0,K42<100%),"In Progress",""))))) -> Not Started | X42: SLD Submission | Y42: Batch 07
C43: Validation by SE - Upstream | D43: =NETWORKDAYS.INTL(E43,F43,"0000100",$AC$5:$AC$12) -> 5 | E43: =WORKDAY.INTL(F37,2,"0000100",$AC$5:$AC$11) -> 46224 | F43: =WORKDAY.INTL(E43,4,"0000100",$AC$5:$AC$11) -> 46229 | G43: =WORKDAY.INTL(H37,2,"0000100",$AC$5:$AC$11) -> 46224 | H43: =WORKDAY.INTL(G43,4,"0000100",$AC$5:$AC$11) -> 46229 | L43: =IF(OR(K43=100%,J43<>""),"Completed",IF(AND(OR(K43="",K43=0),E43>TODAY()),"Not Started",IF(AND(OR(K43="",K43=0),E43<=TODAY()),"Delayed",IF(AND(K43>0,K43<100%,F43<TODAY()),"Delayed",IF(AND(K43>0,K43<100%),"In Progress",""))))) -> Not Started | X43: SLD Validation | Y43: Batch 07
C44: E2E - Upstream | D44: =NETWORKDAYS.INTL(E44,F44,"0000110",$AC$5:$AC$12) -> 5 | E44: =WORKDAY.INTL(F38,1,"0000110",$AC$5:$AC$11) -> 46258 | F44: =WORKDAY.INTL(E44,4,"0000110",$AC$5:$AC$11) -> 46264 | G44: =WORKDAY.INTL(H38,1,"0000110",$AC$5:$AC$11) -> 46258 | H44: =WORKDAY.INTL(G44,4,"0000110",$AC$5:$AC$11) -> 46264 | L44: =IF(OR(K44=100%,J44<>""),"Completed",IF(AND(OR(K44="",K44=0),E44>TODAY()),"Not Started",IF(AND(OR(K44="",K44=0),E44<=TODAY()),"Delayed",IF(AND(K44>0,K44<100%,F44<TODAY()),"Delayed",IF(AND(K44>0,K44<100%),"In Progress",""))))) -> Not Started | U44: Depend on Telecom Readiness Cutover Depend on Succesful Completion of E2E | X44: E2E for Grid SS | Y44: Batch 07
C45: E2E Comments Rectification - Upstream | D45: =NETWORKDAYS.INTL(E45,F45,"0000110",$AC$5:$AC$12) -> 2 | E45: =WORKDAY.INTL(F44,1,"0000110",$AC$5:$AC$11) -> 46265 | F45: =WORKDAY.INTL(E45,1,"0000110",$AC$5:$AC$11) -> 46266 | G45: =WORKDAY.INTL(H44,1,"0000110",$AC$5:$AC$11) -> 46265 | H45: =WORKDAY.INTL(G45,1,"0000110",$AC$5:$AC$11) -> 46266 | L45: =IF(OR(K45=100%,J45<>""),"Completed",IF(AND(OR(K45="",K45=0),E45>TODAY()),"Not Started",IF(AND(OR(K45="",K45=0),E45<=TODAY()),"Delayed",IF(AND(K45>0,K45<100%,F45<TODAY()),"Delayed",IF(AND(K45>0,K45<100%),"In Progress",""))))) -> Not Started | U45: Handle grid models, graphics, data accuracy issues, not including field equipment and communication etc | X45: E2E Rectification | Y45: Batch 07
C46: Cuttover - Upstream | D46: =NETWORKDAYS.INTL(E46,F46,"0000110",$AC$5:$AC$12) -> 1 | E46: =WORKDAY.INTL(F45,0,"0000110",$AC$5:$AC$11) -> 46266 | F46: =WORKDAY.INTL(E46,0,"0000110",$AC$5:$AC$11) -> 46266 | G46: =WORKDAY.INTL(H45,0,"0000110",$AC$5:$AC$11) -> 46266 | H46: =WORKDAY.INTL(G46,0,"0000110",$AC$5:$AC$11) -> 46266 | L46: =IF(OR(K46=100%,J46<>""),"Completed",IF(AND(OR(K46="",K46=0),E46>TODAY()),"Not Started",IF(AND(OR(K46="",K46=0),E46<=TODAY()),"Delayed",IF(AND(K46>0,K46<100%,F46<TODAY()),"Delayed",IF(AND(K46>0,K46<100%),"In Progress",""))))) -> Not Started | X46: Cutover | Y46: Batch 07
B48: 8th Batch (15 SS) | C48: SLD and DB - Upstream | D48: =NETWORKDAYS.INTL(E48,F48,"0000100",$AC$5:$AC$12) -> 7 | E48: =WORKDAY.INTL(F42,1,"0000100",$AC$5:$AC$11) -> 46224 | F48: =WORKDAY.INTL(E48,6,"0000100",$AC$5:$AC$11) -> 46231 | G48: =WORKDAY.INTL(H42,1,"0000100",$AC$5:$AC$11) -> 46224 | H48: =WORKDAY.INTL(G48,6,"0000100",$AC$5:$AC$11) -> 46231 | L48: =IF(OR(K48=100%,J48<>""),"Completed",IF(AND(OR(K48="",K48=0),E48>TODAY()),"Not Started",IF(AND(OR(K48="",K48=0),E48<=TODAY()),"Delayed",IF(AND(K48>0,K48<100%,F48<TODAY()),"Delayed",IF(AND(K48>0,K48<100%),"In Progress",""))))) -> Not Started | X48: SLD Submission | Y48: Batch 08
C49: Validation by SE - Upstream | D49: =NETWORKDAYS.INTL(E49,F49,"0000100",$AC$5:$AC$12) -> 4 | E49: =WORKDAY.INTL(F43,3,"0000100",$AC$5:$AC$11) -> 46232 | F49: =WORKDAY.INTL(E49,3,"0000100",$AC$5:$AC$11) -> 46236 | G49: =WORKDAY.INTL(H43,3,"0000100",$AC$5:$AC$11) -> 46232 | H49: =WORKDAY.INTL(G49,3,"0000100",$AC$5:$AC$11) -> 46236 | L49: =IF(OR(K49=100%,J49<>""),"Completed",IF(AND(OR(K49="",K49=0),E49>TODAY()),"Not Started",IF(AND(OR(K49="",K49=0),E49<=TODAY()),"Delayed",IF(AND(K49>0,K49<100%,F49<TODAY()),"Delayed",IF(AND(K49>0,K49<100%),"In Progress",""))))) -> Not Started | X49: SLD Validation | Y49: Batch 08
C50: E2E - Upstream | D50: =NETWORKDAYS.INTL(E50,F50,"0000110",$AC$5:$AC$12) -> 5 | E50: =WORKDAY.INTL(F44,1,"0000110",$AC$5:$AC$11) -> 46265 | F50: =WORKDAY.INTL(E50,4,"0000110",$AC$5:$AC$11) -> 46271 | G50: =WORKDAY.INTL(H44,1,"0000110",$AC$5:$AC$11) -> 46265 | H50: =WORKDAY.INTL(G50,4,"0000110",$AC$5:$AC$11) -> 46271 | L50: =IF(OR(K50=100%,J50<>""),"Completed",IF(AND(OR(K50="",K50=0),E50>TODAY()),"Not Started",IF(AND(OR(K50="",K50=0),E50<=TODAY()),"Delayed",IF(AND(K50>0,K50<100%,F50<TODAY()),"Delayed",IF(AND(K50>0,K50<100%),"In Progress",""))))) -> Not Started | U50: Depend on Telecom Readiness Cutover Depend on Succesful Completion of E2E | X50: E2E for Grid SS | Y50: Batch 08
C51: E2E Comments Rectification - Upstream | D51: =NETWORKDAYS.INTL(E51,F51,"0000110",$AC$5:$AC$12) -> 2 | E51: =WORKDAY.INTL(F50,1,"0000110",$AC$5:$AC$11) -> 46272 | F51: =WORKDAY.INTL(E51,1,"0000110",$AC$5:$AC$11) -> 46273 | G51: =WORKDAY.INTL(H50,1,"0000110",$AC$5:$AC$11) -> 46272 | H51: =WORKDAY.INTL(G51,1,"0000110",$AC$5:$AC$11) -> 46273 | L51: =IF(OR(K51=100%,J51<>""),"Completed",IF(AND(OR(K51="",K51=0),E51>TODAY()),"Not Started",IF(AND(OR(K51="",K51=0),E51<=TODAY()),"Delayed",IF(AND(K51>0,K51<100%,F51<TODAY()),"Delayed",IF(AND(K51>0,K51<100%),"In Progress",""))))) -> Not Started | U51: Handle grid models, graphics, data accuracy issues, not including field equipment and communication etc | X51: E2E Rectification | Y51: Batch 08
C52: Cuttover - Upstream | D52: =NETWORKDAYS.INTL(E52,F52,"0000110",$AC$5:$AC$12) -> 1 | E52: =WORKDAY.INTL(F51,0,"0000110",$AC$5:$AC$11) -> 46273 | F52: =WORKDAY.INTL(E52,0,"0000110",$AC$5:$AC$11) -> 46273 | G52: =WORKDAY.INTL(H51,0,"0000110",$AC$5:$AC$11) -> 46273 | H52: =WORKDAY.INTL(G52,0,"0000110",$AC$5:$AC$11) -> 46273 | L52: =IF(OR(K52=100%,J52<>""),"Completed",IF(AND(OR(K52="",K52=0),E52>TODAY()),"Not Started",IF(AND(OR(K52="",K52=0),E52<=TODAY()),"Delayed",IF(AND(K52>0,K52<100%,F52<TODAY()),"Delayed",IF(AND(K52>0,K52<100%),"In Progress",""))))) -> Not Started | X52: Cutover | Y52: Batch 08
B54: Migration | C54: Alarm & Reporting Migration | D54: =NETWORKDAYS.INTL(E54,F54,"0000100",$AB$5:$AB$12) -> 19 | E54: =MAX(WORKDAY.INTL(F6,1,"0000100",$AB$5:$AB$11),"29-Jun-26") -> 46202 | F54: =WORKDAY.INTL(E54,18,"0000100",$AB$5:$AB$11) -> 46223 | G54: =MAX(WORKDAY.INTL(H6,1,"0000100",$AB$5:$AB$11),"29-Jun-26") -> 46202 | H54: =WORKDAY.INTL(G54,18,"0000100",$AB$5:$AB$11) -> 46223 | L54: =IF(OR(K54=100%,J54<>""),"Completed",IF(AND(OR(K54="",K54=0),E54>TODAY()),"Not Started",IF(AND(OR(K54="",K54=0),E54<=TODAY()),"Delayed",IF(AND(K54>0,K54<100%,F54<TODAY()),"Delayed",IF(AND(K54>0,K54<100%),"In Progress",""))))) -> Not Started | U54: Depend on : *1st Round of Database Migration *Workstation Availability | V54: 6 Days Calendar
C55: UI & Display Configuration | D55: =NETWORKDAYS.INTL(E55,F55,"0000100",$AB$5:$AB$12) -> 19 | E55: =E54 -> 46202 | F55: =WORKDAY.INTL(E55,18,"0000100",$AB$5:$AB$11) -> 46223 | G55: =G54 -> 46202 | H55: =WORKDAY.INTL(G55,18,"0000100",$AB$5:$AB$11) -> 46223 | L55: =IF(OR(K55=100%,J55<>""),"Completed",IF(AND(OR(K55="",K55=0),E55>TODAY()),"Not Started",IF(AND(OR(K55="",K55=0),E55<=TODAY()),"Delayed",IF(AND(K55>0,K55<100%,F55<TODAY()),"Delayed",IF(AND(K55>0,K55<100%),"In Progress",""))))) -> Not Started | U55: Depend on : *1st Round of Database Migration *Workstation Availability | V55: 6 Days Calendar
C56: Historian Migration | D56: =NETWORKDAYS.INTL(E56,F56,"0000100",$AB$5:$AB$12) -> 66 | E56: =E54 -> 46202 | F56: =WORKDAY.INTL(E56,65,"0000100",$AB$5:$AB$11) -> 46278 | G56: =G54 -> 46202 | H56: =WORKDAY.INTL(G56,65,"0000100",$AB$5:$AB$11) -> 46278 | L56: =IF(OR(K56=100%,J56<>""),"Completed",IF(AND(OR(K56="",K56=0),E56>TODAY()),"Not Started",IF(AND(OR(K56="",K56=0),E56<=TODAY()),"Delayed",IF(AND(K56>0,K56<100%,F56<TODAY()),"Delayed",IF(AND(K56>0,K56<100%),"In Progress",""))))) -> Not Started | U56: Depend on : *1st Round of Database Migration *Data Structure & Analysis from SE | V56: 6 Days Calendar
B58: Integration | C58: DNMC Integration | D58: =NETWORKDAYS.INTL(E58,F58,"0000100",$AB$5:$AB$12) -> 26 | E58: =WORKDAY.INTL(F51,1,"0000100",$AB$5:$AB$11) -> 46274 | F58: =WORKDAY.INTL(E58,25,"0000100",$AB$5:$AB$11) -> 46303 | G58: =WORKDAY.INTL(H51,1,"0000100",$AB$5:$AB$11) -> 46274 | H58: =WORKDAY.INTL(G58,25,"0000100",$AB$5:$AB$11) -> 46303 | L58: =IF(OR(K58=100%,J58<>""),"Completed",IF(AND(OR(K58="",K58=0),E58>TODAY()),"Not Started",IF(AND(OR(K58="",K58=0),E58<=TODAY()),"Delayed",IF(AND(K58>0,K58<100%,F58<TODAY()),"Delayed",IF(AND(K58>0,K58<100%),"In Progress",""))))) -> Not Started | U58: 1.Depend on DNMC is Completed 2.DNMC datapoint Scope 3.DNMC <-----> DCC telecom completed 4.ICCP Configuration 5.Testing（SDCC & DNMC ICCP Channel Testing） 6.Batch 10 Cut Over Estimate add 5 days to do DNMC ICCP Intergration 7.Estimate all step Completed on 8th Sep
C59: Local ESB Installation | D59: =NETWORKDAYS.INTL(E59,F59,"0000100",$AB$5:$AB$12) -> 7 | E59: 46203 | F59: =WORKDAY.INTL(E59,6,"0000100",$AB$5:$AB$11) -> 46210 | G59: 46203 | H59: =WORKDAY.INTL(G59,6,"0000100",$AB$5:$AB$11) -> 46210 | L59: =IF(OR(K59=100%,J59<>""),"Completed",IF(AND(OR(K59="",K59=0),E59>TODAY()),"Not Started",IF(AND(OR(K59="",K59=0),E59<=TODAY()),"Delayed",IF(AND(K59>0,K59<100%,F59<TODAY()),"Delayed",IF(AND(K59>0,K59<100%),"In Progress",""))))) -> Not Started
C60: Central ESB Integration（Third Partly System Phase 1） | D60: =NETWORKDAYS.INTL(E60,F60,"0000100",$AB$5:$AB$12) -> 167 | E60: 46194 | F60: =WORKDAY.INTL(E60,166,"0000100",$AB$5:$AB$11) -> 46387 | G60: 46194 | H60: =WORKDAY.INTL(G60,166,"0000100",$AB$5:$AB$11) -> 46387 | L60: =IF(OR(K60=100%,J60<>""),"Completed",IF(AND(OR(K60="",K60=0),E60>TODAY()),"Not Started",IF(AND(OR(K60="",K60=0),E60<=TODAY()),"Delayed",IF(AND(K60>0,K60<100%,F60<TODAY()),"Delayed",IF(AND(K60>0,K60<100%),"In Progress",""))))) -> Delayed | U60: Details need be confirmed by SE and C-ESB side,under discussion. The relevant timeline can only be estimated as the following dependencies remain unconfirmed. 1.DEV timeline not be confirmed 2.Business flow not be confirmed between ADMS and TPS. 3.Interface not confimed because of the business flow. 4. Telecom condition timeline not be confirmed. 5.Detailed planned dates can not be clarified before the confirmation of the Change Order. 6.C-ESB hardware condition not be confirmed
C61: Central ESB Integration（Third Partly System Phase 2） | D61: =NETWORKDAYS.INTL(E61,F61,"0000100",$AB$5:$AB$12) -> 129 | E61: =WORKDAY.INTL(F60,1,"0000100",$AB$5:$AB$11) -> 46389 | F61: =WORKDAY.INTL(E61,128,"0000100",$AB$5:$AB$11) -> 46538 | G61: =WORKDAY.INTL(H60,1,"0000100",$AB$5:$AB$11) -> 46389 | H61: =WORKDAY.INTL(G61,128,"0000100",$AB$5:$AB$11) -> 46538 | L61: =IF(OR(K61=100%,J61<>""),"Completed",IF(AND(OR(K61="",K61=0),E61>TODAY()),"Not Started",IF(AND(OR(K61="",K61=0),E61<=TODAY()),"Delayed",IF(AND(K61>0,K61<100%,F61<TODAY()),"Delayed",IF(AND(K61>0,K61<100%),"In Progress",""))))) -> Not Started | U61: Details need be confirmed by SE and C-ESB side,under discussion. The relevant timeline can only be estimated as the following dependencies remain unconfirmed. 1.DEV timeline not be confirmed 2.Business flow not be confirmed between ADMS and TPS. 3.Interface not confimed because of the business flow. 4. Telecom condition timeline not be confirmed. 5.Detailed planned dates can not be clarified before the confirmation of the Change Order. 6.C-ESB hardware condition not be confirmed
C62: DC-DR SYNC | D62: =NETWORKDAYS.INTL(E62,F62,"0000100",$AB$5:$AB$12) -> 18 | E62: 46357 | F62: =WORKDAY.INTL(E62,17,"0000100",$AB$5:$AB$11) -> 46377 | G62: 46357 | H62: =WORKDAY.INTL(G62,17,"0000100",$AB$5:$AB$11) -> 46377 | L62: =IF(OR(K62=100%,J62<>""),"Completed",IF(AND(OR(K62="",K62=0),E62>TODAY()),"Not Started",IF(AND(OR(K62="",K62=0),E62<=TODAY()),"Delayed",IF(AND(K62>0,K62<100%,F62<TODAY()),"Delayed",IF(AND(K62>0,K62<100%),"In Progress",""))))) -> Not Started | U62: Depend on DC<---->DR Telecom Completed
B64: Cut Over - Upstream (Live-On) | C64: Cut Over（Batch 1:8） (2nd Option) | D64: =NETWORKDAYS.INTL(E64,F64,"0000110",$AB$5:$AB$12) -> 3 | E64: =MAX(WORKDAY.INTL(F51,1,"0000110"),WORKDAY.INTL(F72,1,"0000110"),WORKDAY.INTL(F70,1,"0000110")) -> 46278 | F64: =WORKDAY.INTL(E64,2,"0000110") -> 46280 | G64: =MAX(WORKDAY.INTL(H51,1,"0000110"),WORKDAY.INTL(H72,1,"0000110"),WORKDAY.INTL(H70,1,"0000110")) -> 46278 | H64: =WORKDAY.INTL(G64,2,"0000110") -> 46280 | L64: =IF(OR(K64=100%,J64<>""),"Completed",IF(AND(OR(K64="",K64=0),E64>TODAY()),"Not Started",IF(AND(OR(K64="",K64=0),E64<=TODAY()),"Delayed",IF(AND(K64>0,K64<100%,F64<TODAY()),"Delayed",IF(AND(K64>0,K64<100%),"In Progress",""))))) -> Not Started | U64: 1.Completed Cut Over(Upstream Batch1-10) 2.Completed SAT 3.Completed System Available Testing
B66: ADMS SAT | C66: Hardware cybersecurity test | D66: =NETWORKDAYS.INTL(E66,F66,"0000110",$AC$5:$AC$12) -> 3 | E66: =MAX(WORKDAY.INTL(F49,1,"0000110",$AB$5:$AB$11),WORKDAY.INTL(F55,1,"0000110",$AB$5:$AB$11),WORKDAY.INTL(F39,1,"0000110",$AB$5:$AB$11)) -> 46260 | F66: =WORKDAY.INTL(E66,2,"0000110",$AC$5:$AC$11) -> 46264 | G66: =MAX(WORKDAY.INTL(H49,1,"0000110",$AB$5:$AB$11),WORKDAY.INTL(H55,1,"0000110",$AB$5:$AB$11),WORKDAY.INTL(H39,1,"0000110",$AB$5:$AB$11)) -> 46260 | H66: =WORKDAY.INTL(G66,2,"0000110",$AC$5:$AC$11) -> 46264 | L66: =IF(OR(K66=100%,J66<>""),"Completed",IF(AND(OR(K66="",K66=0),E66>TODAY()),"Not Started",IF(AND(OR(K66="",K66=0),E66<=TODAY()),"Delayed",IF(AND(K66>0,K66<100%,F66<TODAY()),"Delayed",IF(AND(K66>0,K66<100%),"In Progress",""))))) -> Not Started | V66: 5 Days Calendar
C67: Functional test | D67: =NETWORKDAYS.INTL(E67,F67,"0000110",$AC$5:$AC$12) -> 5 | E67: =WORKDAY.INTL(F66,1,"0000110",$AC$5:$AC$11) -> 46265 | F67: =WORKDAY.INTL(E67,4,"0000110",$AC$5:$AC$11) -> 46271 | G67: =WORKDAY.INTL(H66,1,"0000110",$AC$5:$AC$11) -> 46265 | H67: =WORKDAY.INTL(G67,4,"0000110",$AC$5:$AC$11) -> 46271 | L67: =IF(OR(K67=100%,J67<>""),"Completed",IF(AND(OR(K67="",K67=0),E67>TODAY()),"Not Started",IF(AND(OR(K67="",K67=0),E67<=TODAY()),"Delayed",IF(AND(K67>0,K67<100%,F67<TODAY()),"Delayed",IF(AND(K67>0,K67<100%),"In Progress",""))))) -> Not Started | V67: 5 Days Calendar
C68: Redundancy test | D68: =NETWORKDAYS.INTL(E68,F68,"0000110",$AC$5:$AC$12) -> 2 | E68: =WORKDAY.INTL(F67,1,"0000110",$AC$5:$AC$11) -> 46272 | F68: =WORKDAY.INTL(E68,1,"0000110",$AC$5:$AC$11) -> 46273 | G68: =WORKDAY.INTL(H67,1,"0000110",$AC$5:$AC$11) -> 46272 | H68: =WORKDAY.INTL(G68,1,"0000110",$AC$5:$AC$11) -> 46273 | L68: =IF(OR(K68=100%,J68<>""),"Completed",IF(AND(OR(K68="",K68=0),E68>TODAY()),"Not Started",IF(AND(OR(K68="",K68=0),E68<=TODAY()),"Delayed",IF(AND(K68>0,K68<100%,F68<TODAY()),"Delayed",IF(AND(K68>0,K68<100%),"In Progress",""))))) -> Not Started | V68: 5 Days Calendar
C69: Stability & unstructure test | D69: =NETWORKDAYS.INTL(E69,F69,"0000110",$AC$5:$AC$12) -> 1 | E69: =WORKDAY.INTL(F68,1,"0000110",$AC$5:$AC$11) -> 46274 | F69: =WORKDAY.INTL(E69,0,"0000110",$AC$5:$AC$11) -> 46274 | G69: =WORKDAY.INTL(H68,1,"0000110",$AC$5:$AC$11) -> 46274 | H69: =WORKDAY.INTL(G69,0,"0000110",$AC$5:$AC$11) -> 46274 | L69: =IF(OR(K69=100%,J69<>""),"Completed",IF(AND(OR(K69="",K69=0),E69>TODAY()),"Not Started",IF(AND(OR(K69="",K69=0),E69<=TODAY()),"Delayed",IF(AND(K69>0,K69<100%,F69<TODAY()),"Delayed",IF(AND(K69>0,K69<100%),"In Progress",""))))) -> Not Started | V69: 5 Days Calendar
C70: Regression test | D70: =NETWORKDAYS.INTL(E70,F70,"0000110",$AC$5:$AC$12) -> 1 | E70: =WORKDAY.INTL(F69,1,"0000110",$AC$5:$AC$11) -> 46275 | F70: =WORKDAY.INTL(E70,0,"0000110",$AC$5:$AC$11) -> 46275 | G70: =WORKDAY.INTL(H69,1,"0000110",$AC$5:$AC$11) -> 46275 | H70: =WORKDAY.INTL(G70,0,"0000110",$AC$5:$AC$11) -> 46275 | L70: =IF(OR(K70=100%,J70<>""),"Completed",IF(AND(OR(K70="",K70=0),E70>TODAY()),"Not Started",IF(AND(OR(K70="",K70=0),E70<=TODAY()),"Delayed",IF(AND(K70>0,K70<100%,F70<TODAY()),"Delayed",IF(AND(K70>0,K70<100%),"In Progress",""))))) -> Not Started | V70: 5 Days Calendar
B72: Training | C72: Training inside KSA | D72: =NETWORKDAYS.INTL(E72,F72,"0000110",$AC$5:$AC$12) -> 30 | E72: 46235 | F72: =WORKDAY.INTL(E72,30,"0000110",$AB$5:$AB$11) -> 46275 | G72: 46235 | H72: =WORKDAY.INTL(G72,30,"0000110",$AB$5:$AB$11) -> 46275 | L72: =IF(OR(K72=100%,J72<>""),"Completed",IF(AND(OR(K72="",K72=0),E72>TODAY()),"Not Started",IF(AND(OR(K72="",K72=0),E72<=TODAY()),"Delayed",IF(AND(K72>0,K72<100%,F72<TODAY()),"Delayed",IF(AND(K72>0,K72<100%),"In Progress",""))))) -> Not Started | U72: on Job training to be conducted on each SDCC Training room to be ready by 8-Jun-26 | V72: 5 Days Calendar
C73: Training in Factory | D73: =NETWORKDAYS.INTL(E73,F73,"0000110",$AC$5:$AC$12) -> 29 | E73: =F64+7 -> 46287 | F73: =WORKDAY.INTL(E73,29,"0000110",$AB$5:$AB$11) -> 46328 | G73: =H64+7 -> 46287 | H73: =WORKDAY.INTL(G73,29,"0000110",$AB$5:$AB$11) -> 46328 | L73: =IF(OR(K73=100%,J73<>""),"Completed",IF(AND(OR(K73="",K73=0),E73>TODAY()),"Not Started",IF(AND(OR(K73="",K73=0),E73<=TODAY()),"Delayed",IF(AND(K73>0,K73<100%,F73<TODAY()),"Delayed",IF(AND(K73>0,K73<100%),"In Progress",""))))) -> Not Started | V73: 5 Days Calendar
B75: DERMS | C75: DERMS Software Installation | D75: =NETWORKDAYS.INTL(E75,F75,"0000100",$AC$5:$AC$12) -> 19 | E75: 46217 | F75: =E75+21 -> 46238 | G75: 46187 | H75: =G75+21 -> 46208 | L75: =IF(OR(K75=100%,J75<>""),"Completed",IF(AND(OR(K75="",K75=0),E75>TODAY()),"Not Started",IF(AND(OR(K75="",K75=0),E75<=TODAY()),"Delayed",IF(AND(K75>0,K75<100%,F75<TODAY()),"Delayed",IF(AND(K75>0,K75<100%),"In Progress",""))))) -> Not Started | U75: The firewall configuration and required access rules shall be fully implemented and verified. Network access between the relevant systems and sites shall be available and confirmed. Connectivity between DC/DR shall be completed to support DC/DR communication and failover testing. All required ports, routing rules, and security policies shall be provided before testing. | V75: 6 Days Calendar
C76: DERMS SAT | D76: =NETWORKDAYS.INTL(E76,F76,"0000110",$AC$5:$AC$12) -> 11 | E76: 46357 | F76: =E76+14 -> 46371 | G76: 46204 | H76: =G76+14 -> 46218 | L76: =IF(OR(K76=100%,J76<>""),"Completed",IF(AND(OR(K76="",K76=0),E76>TODAY()),"Not Started",IF(AND(OR(K76="",K76=0),E76<=TODAY()),"Delayed",IF(AND(K76>0,K76<100%,F76<TODAY()),"Delayed",IF(AND(K76>0,K76<100%),"In Progress",""))))) -> Not Started | U76: Data for DER is required from SE | V76: 5 Days Calendar
B78: Dowstream | C78: SLD and DB ( Total 1,400) | D78: =NETWORKDAYS.INTL(E78,F78,"0000100",$AB$5:$AB$12) -> 76 | E78: =WORKDAY.INTL(F52,1,"0000100",$AB$5:$AB$11) -> 46274 | F78: =WORKDAY.INTL(E78,75,"0000100",$AB$5:$AB$11) -> 46362 | G78: =WORKDAY.INTL(H52,1,"0000100",$AB$5:$AB$11) -> 46274 | H78: =WORKDAY.INTL(G78,65,"0000100",$AB$5:$AB$11) -> 46350 | L78: =IF(OR(K78=100%,J78<>""),"Completed",IF(AND(OR(K78="",K78=0),E78>TODAY()),"Not Started",IF(AND(OR(K78="",K78=0),E78<=TODAY()),"Delayed",IF(AND(K78>0,K78<100%,F78<TODAY()),"Delayed",IF(AND(K78>0,K78<100%),"In Progress",""))))) -> Not Started
C79: Validation by SE | D79: =NETWORKDAYS.INTL(E79,F79,"0000100",$AB$5:$AB$12) -> 76 | E79: =WORKDAY.INTL(E78,14,"0000100",$AB$5:$AB$11) -> 46291 | F79: =WORKDAY.INTL(F78,14,"0000100",$AB$5:$AB$11) -> 46378 | G79: =WORKDAY.INTL(G78,14,"0000100",$AB$5:$AB$11) -> 46291 | H79: =WORKDAY.INTL(H78,14,"0000100",$AB$5:$AB$11) -> 46366 | L79: =IF(OR(K79=100%,J79<>""),"Completed",IF(AND(OR(K79="",K79=0),E79>TODAY()),"Not Started",IF(AND(OR(K79="",K79=0),E79<=TODAY()),"Delayed",IF(AND(K79>0,K79<100%,F79<TODAY()),"Delayed",IF(AND(K79>0,K79<100%),"In Progress",""))))) -> Not Started | U79: 3 days FF with SLD 1st patch
C80: E2E for SFD (10% - 1100) | D80: =NETWORKDAYS.INTL(E80,F80,"0000110",$AB$5:$AB$12) -> 61 | E80: =WORKDAY.INTL(E79,5,"0000110") -> 46296 | F80: =WORKDAY.INTL(E80,60,"0000110") -> 46380 | G80: =WORKDAY.INTL(G79,5,"0000110") -> 46296 | H80: =WORKDAY.INTL(G80,65,"0000110") -> 46387 | L80: =IF(OR(K80=100%,J80<>""),"Completed",IF(AND(OR(K80="",K80=0),E80>TODAY()),"Not Started",IF(AND(OR(K80="",K80=0),E80<=TODAY()),"Delayed",IF(AND(K80>0,K80<100%,F80<TODAY()),"Delayed",IF(AND(K80>0,K80<100%),"In Progress",""))))) -> Not Started | U80: Depend on Telecom Readiness
C81: Cuttover | D81: =NETWORKDAYS.INTL(E81,F81,"0000110",$AB$5:$AB$12) -> 1 | E81: =MAX(WORKDAY.INTL(F87,1,"0000100"),WORKDAY.INTL(F80,1,"0000100")) -> 46392 | F81: =WORKDAY.INTL(E81,0,"0000110") -> 46392 | G81: =MAX(WORKDAY.INTL(H87,1,"0000100"),WORKDAY.INTL(H80,1,"0000100")) -> 46392 | H81: =WORKDAY.INTL(G81,0,"0000110") -> 46392 | L81: =IF(OR(K81=100%,J81<>""),"Completed",IF(AND(OR(K81="",K81=0),E81>TODAY()),"Not Started",IF(AND(OR(K81="",K81=0),E81<=TODAY()),"Delayed",IF(AND(K81>0,K81<100%,F81<TODAY()),"Delayed",IF(AND(K81>0,K81<100%),"In Progress",""))))) -> Not Started
B83: Dowstream SAT | C83: Functional test - ADMS | D83: =NETWORKDAYS.INTL(E83,F83,"0000110",$AB$5:$AB$12) -> 5 | E83: =WORKDAY.INTL(E79,74,"0000100",$AB$5:$AB$11) -> 46377 | F83: =WORKDAY.INTL(E83,4,"0000110",$AB$5:$AB$11) -> 46383 | G83: =WORKDAY.INTL(G79,74,"0000100",$AB$5:$AB$11) -> 46377 | H83: =WORKDAY.INTL(G83,4,"0000110",$AB$5:$AB$11) -> 46383 | L83: =IF(OR(K83=100%,J83<>""),"Completed",IF(AND(OR(K83="",K83=0),E83>TODAY()),"Not Started",IF(AND(OR(K83="",K83=0),E83<=TODAY()),"Delayed",IF(AND(K83>0,K83<100%,F83<TODAY()),"Delayed",IF(AND(K83>0,K83<100%),"In Progress",""))))) -> Not Started
C84: Integration test | D84: =NETWORKDAYS.INTL(E84,F84,"0000110",$AB$5:$AB$12) -> 2 | E84: =WORKDAY.INTL(F83,1,"0000110",$AB$5:$AB$11) -> 46384 | F84: =WORKDAY.INTL(E84,1,"0000110",$AB$5:$AB$11) -> 46385 | G84: =WORKDAY.INTL(H83,1,"0000110",$AB$5:$AB$11) -> 46384 | H84: =WORKDAY.INTL(G84,1,"0000110",$AB$5:$AB$11) -> 46385 | L84: =IF(OR(K84=100%,J84<>""),"Completed",IF(AND(OR(K84="",K84=0),E84>TODAY()),"Not Started",IF(AND(OR(K84="",K84=0),E84<=TODAY()),"Delayed",IF(AND(K84>0,K84<100%,F84<TODAY()),"Delayed",IF(AND(K84>0,K84<100%),"In Progress",""))))) -> Not Started
C85: Redundancy test | D85: =NETWORKDAYS.INTL(E85,F85,"0000110",$AB$5:$AB$12) -> 2 | E85: =WORKDAY.INTL(F84,1,"0000110",$AB$5:$AB$11) -> 46386 | F85: =WORKDAY.INTL(E85,1,"0000110",$AB$5:$AB$11) -> 46387 | G85: =WORKDAY.INTL(H84,1,"0000110",$AB$5:$AB$11) -> 46386 | H85: =WORKDAY.INTL(G85,1,"0000110",$AB$5:$AB$11) -> 46387 | L85: =IF(OR(K85=100%,J85<>""),"Completed",IF(AND(OR(K85="",K85=0),E85>TODAY()),"Not Started",IF(AND(OR(K85="",K85=0),E85<=TODAY()),"Delayed",IF(AND(K85>0,K85<100%,F85<TODAY()),"Delayed",IF(AND(K85>0,K85<100%),"In Progress",""))))) -> Not Started
C86: Stability & unstructure test | D86: =NETWORKDAYS.INTL(E86,F86,"0000110",$AB$5:$AB$12) -> 1 | E86: =WORKDAY.INTL(F85,1,"0000110",$AB$5:$AB$11) -> 46390 | F86: =WORKDAY.INTL(E86,0,"0000110",$AB$5:$AB$11) -> 46390 | G86: =WORKDAY.INTL(H85,1,"0000110",$AB$5:$AB$11) -> 46390 | H86: =WORKDAY.INTL(G86,0,"0000110",$AB$5:$AB$11) -> 46390 | L86: =IF(OR(K86=100%,J86<>""),"Completed",IF(AND(OR(K86="",K86=0),E86>TODAY()),"Not Started",IF(AND(OR(K86="",K86=0),E86<=TODAY()),"Delayed",IF(AND(K86>0,K86<100%,F86<TODAY()),"Delayed",IF(AND(K86>0,K86<100%),"In Progress",""))))) -> Not Started
C87: Regression test | D87: =NETWORKDAYS.INTL(E87,F87,"0000110",$AB$5:$AB$12) -> 1 | E87: =WORKDAY.INTL(F86,1,"0000110",$AB$5:$AB$11) -> 46391 | F87: =WORKDAY.INTL(E87,0,"0000110",$AB$5:$AB$11) -> 46391 | G87: =WORKDAY.INTL(H86,1,"0000110",$AB$5:$AB$11) -> 46391 | H87: =WORKDAY.INTL(G87,0,"0000110",$AB$5:$AB$11) -> 46391 | L87: =IF(OR(K87=100%,J87<>""),"Completed",IF(AND(OR(K87="",K87=0),E87>TODAY()),"Not Started",IF(AND(OR(K87="",K87=0),E87<=TODAY()),"Delayed",IF(AND(K87>0,K87<100%,F87<TODAY()),"Delayed",IF(AND(K87>0,K87<100%),"In Progress",""))))) -> Not Started
C88: Performance test | D88: =NETWORKDAYS.INTL(E88,F88,"0000110",$AB$5:$AB$12) -> 3 | E88: =MAX(WORKDAY.INTL(F81,1,"0000110",$AB$5:$AB$12),WORKDAY.INTL(F83,1,"0000110",$AB$5:$AB$12)) -> 46393 | F88: =WORKDAY.INTL(E88,2,"0000110",$AB$5:$AB$11) -> 46397 | G88: =MAX(WORKDAY.INTL(H81,1,"0000110",$AB$5:$AB$12),WORKDAY.INTL(H83,1,"0000110",$AB$5:$AB$12)) -> 46393 | H88: =WORKDAY.INTL(G88,2,"0000110",$AB$5:$AB$11) -> 46397 | L88: =IF(OR(K88=100%,J88<>""),"Completed",IF(AND(OR(K88="",K88=0),E88>TODAY()),"Not Started",IF(AND(OR(K88="",K88=0),E88<=TODAY()),"Delayed",IF(AND(K88>0,K88<100%,F88<TODAY()),"Delayed",IF(AND(K88>0,K88<100%),"In Progress",""))))) -> Not Started

Sheet MADINAH Migration Plan-
C2: Activity | D2: Working Days | E2: Planned Start | F2: Planned Finish | G2: Expected Start | H2: Expected Finish | I2: Actual Start / Expected Start | J2: Actual Finish / Expected Finish | K2: % Progress | L2: Status | N2: 46113 | O2: 46143 | P2: 46174 | Q2: 46204 | R2: 46235 | S2: 46266 | T2: 46296 | U2: Remark | W2: 7 Days Claendar
C3: Downstream Database Migration (1st Round) | F3: Completed | H3: Completed | K3: 1 | L3: =IF(OR(K3=100%,J3<>""),"Completed",IF(AND(OR(K3="",K3=0),E3>TODAY()),"Not Started",IF(AND(OR(K3="",K3=0),E3<=TODAY()),"Delayed",IF(AND(K3>0,K3<100%,F3<TODAY()),"Delayed",IF(AND(K3>0,K3<100%),"In Progress",""))))) -> Completed | W3: 6 Days Calendar
B5: 1st Batch (6 SS) | C5: SLD and DB Submission - Upstream | D5: =NETWORKDAYS.INTL(E5,F5,"0000100",$AB$5:$AB$12) -> 19 | E5: =WORKDAY.INTL("6-May-26",0,"0000100") -> 46148 | F5: =WORKDAY.INTL(E5,18,"0000100",$AB$5:$AB$11) -> 46175 | G5: =WORKDAY.INTL("6-May-26",0,"0000100") -> 46148 | H5: =WORKDAY.INTL(G5,18,"0000100",$AB$5:$AB$11) -> 46175 | I5: 46148 | J5: 46163 | K5: 1 | L5: =IF(OR(K5=100%,J5<>""),"Completed",IF(AND(OR(K5="",K5=0),E5>TODAY()),"Not Started",IF(AND(OR(K5="",K5=0),E5<=TODAY()),"Delayed",IF(AND(K5>0,K5<100%,F5<TODAY()),"Delayed",IF(AND(K5>0,K5<100%),"In Progress",""))))) -> Completed | W5: 5 Days Calendar | X5: SLD Submission | Y5: Batch 01 | AB5: 46166
C6: Validation by SE - Upstream | D6: =NETWORKDAYS.INTL(E6,F6,"0000100",$AB$5:$AB$12) -> 7 | E6: =WORKDAY.INTL("21-Jun-26",0,"0000100") -> 46194 | F6: =WORKDAY.INTL(E6,6,"0000100",$AB$5:$AB$11) -> 46201 | G6: =WORKDAY.INTL("21-Jun-26",0,"0000100") -> 46194 | H6: =WORKDAY.INTL(G6,6,"0000100",$AB$5:$AB$11) -> 46201 | L6: =IF(OR(K6=100%,J6<>""),"Completed",IF(AND(OR(K6="",K6=0),E6>TODAY()),"Not Started",IF(AND(OR(K6="",K6=0),E6<=TODAY()),"Delayed",IF(AND(K6>0,K6<100%,F6<TODAY()),"Delayed",IF(AND(K6>0,K6<100%),"In Progress",""))))) -> Delayed | X6: SLD Validation | Y6: Batch 01 | AB6: 46167
C7: Telecom Rediness - Upstream | E7: Started | F7: 46215 | G7: Started | H7: 46215 | L7: =IF(OR(K7=100%,J7<>""),"Completed",IF(AND(OR(K7="",K7=0),E7>TODAY()),"Not Started",IF(AND(OR(K7="",K7=0),E7<=TODAY()),"Delayed",IF(AND(K7>0,K7<100%,F7<TODAY()),"Delayed",IF(AND(K7>0,K7<100%),"In Progress",""))))) -> Not Started | AB7: 46168
C8: E2E - Upstream | D8: =NETWORKDAYS.INTL(E8,F8,"0000110",$AB$5:$AB$12) -> 2 | E8: =WORKDAY.INTL(F7,1,"0000110",$AB$5:$AB$10) -> 46216 | F8: =WORKDAY.INTL(E8,1,"0000110",$AB$5:$AB$11) -> 46217 | G8: =WORKDAY.INTL(H7,1,"0000110",$AB$5:$AB$10) -> 46216 | H8: =WORKDAY.INTL(G8,1,"0000110",$AB$5:$AB$11) -> 46217 | L8: =IF(OR(K8=100%,J8<>""),"Completed",IF(AND(OR(K8="",K8=0),E8>TODAY()),"Not Started",IF(AND(OR(K8="",K8=0),E8<=TODAY()),"Delayed",IF(AND(K8>0,K8<100%,F8<TODAY()),"Delayed",IF(AND(K8>0,K8<100%),"In Progress",""))))) -> Not Started | U8: Depend on Telecom Readiness Cutover Depend on Succesful Completion of E2E | X8: E2E for Grid SS | Y8: Batch 01 | AB8: 46169
C9: E2E Comments Rectification - Upstream | D9: =NETWORKDAYS.INTL(E9,F9,"0000110",$AB$5:$AB$12) -> 2 | E9: =WORKDAY.INTL(F8,1,"0000110",$AB$5:$AB$10) -> 46218 | F9: =WORKDAY.INTL(E9,1,"0000110",$AB$5:$AB$11) -> 46219 | G9: =WORKDAY.INTL(H8,1,"0000110",$AB$5:$AB$10) -> 46218 | H9: =WORKDAY.INTL(G9,1,"0000110",$AB$5:$AB$11) -> 46219 | L9: =IF(OR(K9=100%,J9<>""),"Completed",IF(AND(OR(K9="",K9=0),E9>TODAY()),"Not Started",IF(AND(OR(K9="",K9=0),E9<=TODAY()),"Delayed",IF(AND(K9>0,K9<100%,F9<TODAY()),"Delayed",IF(AND(K9>0,K9<100%),"In Progress",""))))) -> Not Started | U9: Handle grid models, graphics, data accuracy issues, not including field equipment and communication etc | X9: E2E Rectification | Y9: Batch 01 | AB9: 46170
C10: Cuttover - Upstream (Option 1) | D10: =NETWORKDAYS.INTL(E10,F10,"0000110",$AB$5:$AB$12) -> 1 | E10: =WORKDAY.INTL(F9,0,"0000110",$AB$5:$AB$10) -> 46219 | F10: =WORKDAY.INTL(E10,0,"0000110",$AB$5:$AB$11) -> 46219 | G10: =WORKDAY.INTL(H9,0,"0000110",$AB$5:$AB$10) -> 46219 | H10: =WORKDAY.INTL(G10,0,"0000110",$AB$5:$AB$11) -> 46219 | L10: =IF(OR(K10=100%,J10<>""),"Completed",IF(AND(OR(K10="",K10=0),E10>TODAY()),"Not Started",IF(AND(OR(K10="",K10=0),E10<=TODAY()),"Delayed",IF(AND(K10>0,K10<100%,F10<TODAY()),"Delayed",IF(AND(K10>0,K10<100%),"In Progress",""))))) -> Not Started | X10: Cutover | Y10: Batch 01 | AB10: 46171
AB11: 46288
B12: 2nd Batch (9 SS) | C12: SLD and DB Submission - Upstream | D12: =NETWORKDAYS.INTL(E12,F12,"0000100",$AB$5:$AB$12) -> 11 | E12: 46164 | F12: 46182 | G12: 46164 | H12: 46182 | I12: 46164 | J12: 46182 | K12: 1 | L12: =IF(OR(K12=100%,J12<>""),"Completed",IF(AND(OR(K12="",K12=0),E12>TODAY()),"Not Started",IF(AND(OR(K12="",K12=0),E12<=TODAY()),"Delayed",IF(AND(K12>0,K12<100%,F12<TODAY()),"Delayed",IF(AND(K12>0,K12<100%),"In Progress",""))))) -> Completed | X12: SLD Submission | Y12: Batch 02 | AB12: 46288
C13: Validation by SE - Upstream | D13: =NETWORKDAYS.INTL(E13,F13,"0000100",$AB$5:$AB$12) -> 5 | E13: =WORKDAY.INTL(F6,1,"0000100",$AB$5:$AB$11) -> 46202 | F13: =WORKDAY.INTL(E13,4,"0000100",$AB$5:$AB$11) -> 46207 | G13: =WORKDAY.INTL(H6,1,"0000100",$AB$5:$AB$11) -> 46202 | H13: =WORKDAY.INTL(G13,4,"0000100",$AB$5:$AB$11) -> 46207 | L13: =IF(OR(K13=100%,J13<>""),"Completed",IF(AND(OR(K13="",K13=0),E13>TODAY()),"Not Started",IF(AND(OR(K13="",K13=0),E13<=TODAY()),"Delayed",IF(AND(K13>0,K13<100%,F13<TODAY()),"Delayed",IF(AND(K13>0,K13<100%),"In Progress",""))))) -> Not Started | X13: SLD Validation | Y13: Batch 02
C14: E2E - Upstream | D14: =NETWORKDAYS.INTL(E14,F14,"0000110",$AB$5:$AB$12) -> 3 | E14: =WORKDAY.INTL(F8,1,"0000110",$AB$5:$AB$10) -> 46218 | F14: =WORKDAY.INTL(E14,2,"0000110",$AB$5:$AB$11) -> 46222 | G14: =WORKDAY.INTL(H8,1,"0000110",$AB$5:$AB$10) -> 46218 | H14: =WORKDAY.INTL(G14,2,"0000110",$AB$5:$AB$11) -> 46222 | L14: =IF(OR(K14=100%,J14<>""),"Completed",IF(AND(OR(K14="",K14=0),E14>TODAY()),"Not Started",IF(AND(OR(K14="",K14=0),E14<=TODAY()),"Delayed",IF(AND(K14>0,K14<100%,F14<TODAY()),"Delayed",IF(AND(K14>0,K14<100%),"In Progress",""))))) -> Not Started | U14: Depend on Telecom Readiness Cutover Depend on Succesful Completion of E2E | X14: E2E for Grid SS | Y14: Batch 02
C15: E2E Comments Rectification - Upstream | D15: =NETWORKDAYS.INTL(E15,F15,"0000110",$AB$5:$AB$12) -> 2 | E15: =WORKDAY.INTL(F14,1,"0000110",$AB$5:$AB$10) -> 46223 | F15: =WORKDAY.INTL(E15,1,"0000110",$AB$5:$AB$11) -> 46224 | G15: =WORKDAY.INTL(H14,1,"0000110",$AB$5:$AB$10) -> 46223 | H15: =WORKDAY.INTL(G15,1,"0000110",$AB$5:$AB$11) -> 46224 | L15: =IF(OR(K15=100%,J15<>""),"Completed",IF(AND(OR(K15="",K15=0),E15>TODAY()),"Not Started",IF(AND(OR(K15="",K15=0),E15<=TODAY()),"Delayed",IF(AND(K15>0,K15<100%,F15<TODAY()),"Delayed",IF(AND(K15>0,K15<100%),"In Progress",""))))) -> Not Started | U15: Handle grid models, graphics, data accuracy issues, not including field equipment and communication etc | X15: E2E Rectification | Y15: Batch 02
C16: Cuttover - Upstream (Option 1) | D16: =NETWORKDAYS.INTL(E16,F16,"0000110",$AB$5:$AB$12) -> 1 | E16: =WORKDAY.INTL(F15,0,"0000110",$AB$5:$AB$10) -> 46224 | F16: =WORKDAY.INTL(E16,0,"0000110",$AB$5:$AB$11) -> 46224 | G16: =WORKDAY.INTL(H15,0,"0000110",$AB$5:$AB$10) -> 46224 | H16: =WORKDAY.INTL(G16,0,"0000110",$AB$5:$AB$11) -> 46224 | L16: =IF(OR(K16=100%,J16<>""),"Completed",IF(AND(OR(K16="",K16=0),E16>TODAY()),"Not Started",IF(AND(OR(K16="",K16=0),E16<=TODAY()),"Delayed",IF(AND(K16>0,K16<100%,F16<TODAY()),"Delayed",IF(AND(K16>0,K16<100%),"In Progress",""))))) -> Not Started | X16: Cutover | Y16: Batch 02
B18: 3rd Batch (10 SS) | C18: SLD and DB Submission - Upstream | D18: =NETWORKDAYS.INTL(E18,F18,"0000100",$AB$5:$AB$12) -> 13 | E18: =WORKDAY.INTL(F12,1,"0000100",$AB$5:$AB$11) -> 46183 | F18: =WORKDAY.INTL(E18,12,"0000100",$AB$5:$AB$11) -> 46197 | G18: =WORKDAY.INTL(H12,1,"0000100",$AB$5:$AB$11) -> 46183 | H18: =WORKDAY.INTL(G18,12,"0000100",$AB$5:$AB$11) -> 46197 | I18: 46171 | K18: 0.9 | L18: =IF(OR(K18=100%,J18<>""),"Completed",IF(AND(OR(K18="",K18=0),E18>TODAY()),"Not Started",IF(AND(OR(K18="",K18=0),E18<=TODAY()),"Delayed",IF(AND(K18>0,K18<100%,F18<TODAY()),"Delayed",IF(AND(K18>0,K18<100%),"In Progress",""))))) -> Delayed | X18: SLD Submission | Y18: Batch 03
C19: Validation by SE - Upstream | D19: =NETWORKDAYS.INTL(E19,F19,"0000100",$AB$5:$AB$12) -> 5 | E19: =WORKDAY.INTL(F13,1,"0000100",$AB$5:$AB$11) -> 46208 | F19: =WORKDAY.INTL(E19,4,"0000100",$AB$5:$AB$11) -> 46212 | G19: =WORKDAY.INTL(H13,1,"0000100",$AB$5:$AB$11) -> 46208 | H19: =WORKDAY.INTL(G19,4,"0000100",$AB$5:$AB$11) -> 46212 | L19: =IF(OR(K19=100%,J19<>""),"Completed",IF(AND(OR(K19="",K19=0),E19>TODAY()),"Not Started",IF(AND(OR(K19="",K19=0),E19<=TODAY()),"Delayed",IF(AND(K19>0,K19<100%,F19<TODAY()),"Delayed",IF(AND(K19>0,K19<100%),"In Progress",""))))) -> Not Started | X19: SLD Validation | Y19: Batch 03
C20: E2E - Upstream | D20: =NETWORKDAYS.INTL(E20,F20,"0000110",$AB$5:$AB$12) -> 4 | E20: =WORKDAY.INTL(F14,1,"0000110",$AB$5:$AB$10) -> 46223 | F20: =WORKDAY.INTL(E20,3,"0000110",$AB$5:$AB$11) -> 46226 | G20: =WORKDAY.INTL(H14,1,"0000110",$AB$5:$AB$10) -> 46223 | H20: =WORKDAY.INTL(G20,3,"0000110",$AB$5:$AB$11) -> 46226 | L20: =IF(OR(K20=100%,J20<>""),"Completed",IF(AND(OR(K20="",K20=0),E20>TODAY()),"Not Started",IF(AND(OR(K20="",K20=0),E20<=TODAY()),"Delayed",IF(AND(K20>0,K20<100%,F20<TODAY()),"Delayed",IF(AND(K20>0,K20<100%),"In Progress",""))))) -> Not Started | U20: Depend on Telecom Readiness Cutover Depend on Succesful Completion of E2E | X20: E2E for Grid SS | Y20: Batch 03
C21: E2E Comments Rectification - Upstream | D21: =NETWORKDAYS.INTL(E21,F21,"0000110",$AB$5:$AB$12) -> 4 | E21: =WORKDAY.INTL(F20,1,"0000110",$AB$5:$AB$10) -> 46229 | F21: =WORKDAY.INTL(E21,3,"0000110",$AB$5:$AB$11) -> 46232 | G21: =WORKDAY.INTL(H20,1,"0000110",$AB$5:$AB$10) -> 46229 | H21: =WORKDAY.INTL(G21,3,"0000110",$AB$5:$AB$11) -> 46232 | L21: =IF(OR(K21=100%,J21<>""),"Completed",IF(AND(OR(K21="",K21=0),E21>TODAY()),"Not Started",IF(AND(OR(K21="",K21=0),E21<=TODAY()),"Delayed",IF(AND(K21>0,K21<100%,F21<TODAY()),"Delayed",IF(AND(K21>0,K21<100%),"In Progress",""))))) -> Not Started | U21: Handle grid models, graphics, data accuracy issues, not including field equipment and communication etc | X21: E2E Rectification | Y21: Batch 03
C22: Cuttover - Upstream (Option 1) | D22: =NETWORKDAYS.INTL(E22,F22,"0000110",$AB$5:$AB$12) -> 1 | E22: =WORKDAY.INTL(F21,0,"0000110",$AB$5:$AB$10) -> 46232 | F22: =WORKDAY.INTL(E22,0,"0000110",$AB$5:$AB$11) -> 46232 | G22: =WORKDAY.INTL(H21,0,"0000110",$AB$5:$AB$10) -> 46232 | H22: =WORKDAY.INTL(G22,0,"0000110",$AB$5:$AB$11) -> 46232 | L22: =IF(OR(K22=100%,J22<>""),"Completed",IF(AND(OR(K22="",K22=0),E22>TODAY()),"Not Started",IF(AND(OR(K22="",K22=0),E22<=TODAY()),"Delayed",IF(AND(K22>0,K22<100%,F22<TODAY()),"Delayed",IF(AND(K22>0,K22<100%),"In Progress",""))))) -> Not Started | X22: Cutover | Y22: Batch 03
B24: 4th Batch (11 SS) | C24: SLD and DB Submission - Upstream | D24: =NETWORKDAYS.INTL(E24,F24,"0000100",$AB$5:$AB$12) -> 7 | E24: =WORKDAY.INTL(F18,1,"0000100",$AB$5:$AB$11) -> 46198 | F24: =WORKDAY.INTL(E24,6,"0000100",$AB$5:$AB$11) -> 46205 | G24: =WORKDAY.INTL(H18,1,"0000100",$AB$5:$AB$11) -> 46198 | H24: =WORKDAY.INTL(G24,6,"0000100",$AB$5:$AB$11) -> 46205 | L24: =IF(OR(K24=100%,J24<>""),"Completed",IF(AND(OR(K24="",K24=0),E24>TODAY()),"Not Started",IF(AND(OR(K24="",K24=0),E24<=TODAY()),"Delayed",IF(AND(K24>0,K24<100%,F24<TODAY()),"Delayed",IF(AND(K24>0,K24<100%),"In Progress",""))))) -> Delayed | X24: SLD Submission | Y24: Batch 04
C25: Validation by SE - Upstream | D25: =NETWORKDAYS.INTL(E25,F25,"0000100",$AB$5:$AB$12) -> 5 | E25: =WORKDAY.INTL(F19,1,"0000100",$AB$5:$AB$11) -> 46214 | F25: =WORKDAY.INTL(E25,4,"0000100",$AB$5:$AB$11) -> 46218 | G25: =WORKDAY.INTL(H19,1,"0000100",$AB$5:$AB$11) -> 46214 | H25: =WORKDAY.INTL(G25,4,"0000100",$AB$5:$AB$11) -> 46218 | L25: =IF(OR(K25=100%,J25<>""),"Completed",IF(AND(OR(K25="",K25=0),E25>TODAY()),"Not Started",IF(AND(OR(K25="",K25=0),E25<=TODAY()),"Delayed",IF(AND(K25>0,K25<100%,F25<TODAY()),"Delayed",IF(AND(K25>0,K25<100%),"In Progress",""))))) -> Not Started | X25: SLD Validation | Y25: Batch 04
C26: E2E - Upstream | D26: =NETWORKDAYS.INTL(E26,F26,"0000110",$AB$5:$AB$12) -> 4 | E26: =WORKDAY.INTL(F20,1,"0000110",$AB$5:$AB$11) -> 46229 | F26: =WORKDAY.INTL(E26,3,"0000110",$AB$5:$AB$11) -> 46232 | G26: =WORKDAY.INTL(H20,1,"0000110",$AB$5:$AB$11) -> 46229 | H26: =WORKDAY.INTL(G26,3,"0000110",$AB$5:$AB$11) -> 46232 | L26: =IF(OR(K26=100%,J26<>""),"Completed",IF(AND(OR(K26="",K26=0),E26>TODAY()),"Not Started",IF(AND(OR(K26="",K26=0),E26<=TODAY()),"Delayed",IF(AND(K26>0,K26<100%,F26<TODAY()),"Delayed",IF(AND(K26>0,K26<100%),"In Progress",""))))) -> Not Started | U26: Depend on Telecom Readiness Cutover Depend on Succesful Completion of E2E | X26: E2E for Grid SS | Y26: Batch 04
C27: E2E Comments Rectification - Upstream | D27: =NETWORKDAYS.INTL(E27,F27,"0000110",$AB$5:$AB$12) -> 2 | E27: =WORKDAY.INTL(F26,1,"0000110",$AB$5:$AB$11) -> 46233 | F27: =WORKDAY.INTL(E27,1,"0000110",$AB$5:$AB$11) -> 46236 | G27: =WORKDAY.INTL(H26,1,"0000110",$AB$5:$AB$11) -> 46233 | H27: =WORKDAY.INTL(G27,1,"0000110",$AB$5:$AB$11) -> 46236 | L27: =IF(OR(K27=100%,J27<>""),"Completed",IF(AND(OR(K27="",K27=0),E27>TODAY()),"Not Started",IF(AND(OR(K27="",K27=0),E27<=TODAY()),"Delayed",IF(AND(K27>0,K27<100%,F27<TODAY()),"Delayed",IF(AND(K27>0,K27<100%),"In Progress",""))))) -> Not Started | U27: Handle grid models, graphics, data accuracy issues, not including field equipment and communication etc | X27: E2E Rectification | Y27: Batch 04
C28: Cuttover - Upstream (Option 1) | D28: =NETWORKDAYS.INTL(E28,F28,"0000110",$AB$5:$AB$12) -> 1 | E28: =WORKDAY.INTL(F27,0,"0000110",$AB$5:$AB$11) -> 46236 | F28: =WORKDAY.INTL(E28,0,"0000110",$AB$5:$AB$11) -> 46236 | G28: =WORKDAY.INTL(H27,0,"0000110",$AB$5:$AB$11) -> 46236 | H28: =WORKDAY.INTL(G28,0,"0000110",$AB$5:$AB$11) -> 46236 | L28: =IF(OR(K28=100%,J28<>""),"Completed",IF(AND(OR(K28="",K28=0),E28>TODAY()),"Not Started",IF(AND(OR(K28="",K28=0),E28<=TODAY()),"Delayed",IF(AND(K28>0,K28<100%,F28<TODAY()),"Delayed",IF(AND(K28>0,K28<100%),"In Progress",""))))) -> Not Started | X28: Cutover | Y28: Batch 04
B30: 5th Batch (10 SS) | C30: SLD and DB Submission - Upstream | D30: =NETWORKDAYS.INTL(E30,F30,"0000100",$AB$5:$AB$12) -> 7 | E30: =WORKDAY.INTL(F24,1,"0000100",$AB$5:$AB$11) -> 46207 | F30: =WORKDAY.INTL(E30,6,"0000100",$AB$5:$AB$11) -> 46214 | G30: =WORKDAY.INTL(H24,1,"0000100",$AB$5:$AB$11) -> 46207 | H30: =WORKDAY.INTL(G30,6,"0000100",$AB$5:$AB$11) -> 46214 | L30: =IF(OR(K30=100%,J30<>""),"Completed",IF(AND(OR(K30="",K30=0),E30>TODAY()),"Not Started",IF(AND(OR(K30="",K30=0),E30<=TODAY()),"Delayed",IF(AND(K30>0,K30<100%,F30<TODAY()),"Delayed",IF(AND(K30>0,K30<100%),"In Progress",""))))) -> Not Started | X30: SLD Submission | Y30: Batch 05
C31: Validation by SE - Upstream | D31: =NETWORKDAYS.INTL(E31,F31,"0000100",$AB$5:$AB$12) -> 5 | E31: =WORKDAY.INTL(F25,1,"0000100",$AB$5:$AB$11) -> 46219 | F31: =WORKDAY.INTL(E31,4,"0000100",$AB$5:$AB$11) -> 46224 | G31: =WORKDAY.INTL(H25,1,"0000100",$AB$5:$AB$11) -> 46219 | H31: =WORKDAY.INTL(G31,4,"0000100",$AB$5:$AB$11) -> 46224 | L31: =IF(OR(K31=100%,J31<>""),"Completed",IF(AND(OR(K31="",K31=0),E31>TODAY()),"Not Started",IF(AND(OR(K31="",K31=0),E31<=TODAY()),"Delayed",IF(AND(K31>0,K31<100%,F31<TODAY()),"Delayed",IF(AND(K31>0,K31<100%),"In Progress",""))))) -> Not Started | X31: SLD Validation | Y31: Batch 05
C32: E2E - Upstream | D32: =NETWORKDAYS.INTL(E32,F32,"0000110",$AB$5:$AB$12) -> 4 | E32: =WORKDAY.INTL(F26,1,"0000110") -> 46233 | F32: =WORKDAY.INTL(E32,3,"0000110") -> 46238 | G32: =WORKDAY.INTL(H26,1,"0000110") -> 46233 | H32: =WORKDAY.INTL(G32,3,"0000110") -> 46238 | L32: =IF(OR(K32=100%,J32<>""),"Completed",IF(AND(OR(K32="",K32=0),E32>TODAY()),"Not Started",IF(AND(OR(K32="",K32=0),E32<=TODAY()),"Delayed",IF(AND(K32>0,K32<100%,F32<TODAY()),"Delayed",IF(AND(K32>0,K32<100%),"In Progress",""))))) -> Not Started | U32: Depend on Telecom Readiness Cutover Depend on Succesful Completion of E2E | X32: E2E for Grid SS | Y32: Batch 05
C33: E2E Comments Rectification - Upstream | D33: =NETWORKDAYS.INTL(E33,F33,"0000110",$AB$5:$AB$12) -> 2 | E33: =WORKDAY.INTL(F32,1,"0000110") -> 46239 | F33: =WORKDAY.INTL(E33,1,"0000110") -> 46240 | G33: =WORKDAY.INTL(H32,1,"0000110") -> 46239 | H33: =WORKDAY.INTL(G33,1,"0000110") -> 46240 | L33: =IF(OR(K33=100%,J33<>""),"Completed",IF(AND(OR(K33="",K33=0),E33>TODAY()),"Not Started",IF(AND(OR(K33="",K33=0),E33<=TODAY()),"Delayed",IF(AND(K33>0,K33<100%,F33<TODAY()),"Delayed",IF(AND(K33>0,K33<100%),"In Progress",""))))) -> Not Started | U33: Handle grid models, graphics, data accuracy issues, not including field equipment and communication etc | X33: E2E Rectification | Y33: Batch 05
C34: Cuttover - Upstream (Option 1) | D34: =NETWORKDAYS.INTL(E34,F34,"0000110",$AB$5:$AB$12) -> 1 | E34: =WORKDAY.INTL(F33,0,"0000110") -> 46240 | F34: =WORKDAY.INTL(E34,0,"0000110") -> 46240 | G34: =WORKDAY.INTL(H33,0,"0000110") -> 46240 | H34: =WORKDAY.INTL(G34,0,"0000110") -> 46240 | L34: =IF(OR(K34=100%,J34<>""),"Completed",IF(AND(OR(K34="",K34=0),E34>TODAY()),"Not Started",IF(AND(OR(K34="",K34=0),E34<=TODAY()),"Delayed",IF(AND(K34>0,K34<100%,F34<TODAY()),"Delayed",IF(AND(K34>0,K34<100%),"In Progress",""))))) -> Not Started | X34: Cutover | Y34: Batch 05
B36: 6th Batch (10 SS) | C36: SLD and DB Submission - Upstream | D36: =NETWORKDAYS.INTL(E36,F36,"0000100",$AB$5:$AB$12) -> 7 | E36: =WORKDAY.INTL(F30,1,"0000100",$AB$5:$AB$11) -> 46215 | F36: =WORKDAY.INTL(E36,6,"0000100",$AB$5:$AB$11) -> 46222 | G36: =WORKDAY.INTL(H30,1,"0000100",$AB$5:$AB$11) -> 46215 | H36: =WORKDAY.INTL(G36,6,"0000100",$AB$5:$AB$11) -> 46222 | L36: =IF(OR(K36=100%,J36<>""),"Completed",IF(AND(OR(K36="",K36=0),E36>TODAY()),"Not Started",IF(AND(OR(K36="",K36=0),E36<=TODAY()),"Delayed",IF(AND(K36>0,K36<100%,F36<TODAY()),"Delayed",IF(AND(K36>0,K36<100%),"In Progress",""))))) -> Not Started | X36: SLD Submission | Y36: Batch 06
C37: Validation by SE - Upstream | D37: =NETWORKDAYS.INTL(E37,F37,"0000100",$AB$5:$AB$12) -> 5 | E37: =WORKDAY.INTL(F31,1,"0000100",$AB$5:$AB$11) -> 46225 | F37: =WORKDAY.INTL(E37,4,"0000100",$AB$5:$AB$11) -> 46230 | G37: =WORKDAY.INTL(H31,1,"0000100",$AB$5:$AB$11) -> 46225 | H37: =WORKDAY.INTL(G37,4,"0000100",$AB$5:$AB$11) -> 46230 | L37: =IF(OR(K37=100%,J37<>""),"Completed",IF(AND(OR(K37="",K37=0),E37>TODAY()),"Not Started",IF(AND(OR(K37="",K37=0),E37<=TODAY()),"Delayed",IF(AND(K37>0,K37<100%,F37<TODAY()),"Delayed",IF(AND(K37>0,K37<100%),"In Progress",""))))) -> Not Started | X37: SLD Validation | Y37: Batch 06
C38: E2E - Upstream | D38: =NETWORKDAYS.INTL(E38,F38,"0000110",$AB$5:$AB$12) -> 4 | E38: =WORKDAY.INTL(F32,1,"0000110",$AB$5:$AB$11) -> 46239 | F38: =WORKDAY.INTL(E38,3,"0000110",$AB$5:$AB$11) -> 46244 | G38: =WORKDAY.INTL(H32,1,"0000110",$AB$5:$AB$11) -> 46239 | H38: =WORKDAY.INTL(G38,3,"0000110",$AB$5:$AB$11) -> 46244 | L38: =IF(OR(K38=100%,J38<>""),"Completed",IF(AND(OR(K38="",K38=0),E38>TODAY()),"Not Started",IF(AND(OR(K38="",K38=0),E38<=TODAY()),"Delayed",IF(AND(K38>0,K38<100%,F38<TODAY()),"Delayed",IF(AND(K38>0,K38<100%),"In Progress",""))))) -> Not Started | U38: Depend on Telecom Readiness Cutover Depend on Succesful Completion of E2E | X38: E2E for Grid SS | Y38: Batch 06
C39: E2E Comments Rectification - Upstream | D39: =NETWORKDAYS.INTL(E39,F39,"0000110",$AB$5:$AB$12) -> 2 | E39: =WORKDAY.INTL(F38,1,"0000110",$AB$5:$AB$11) -> 46245 | F39: =WORKDAY.INTL(E39,1,"0000110",$AB$5:$AB$11) -> 46246 | G39: =WORKDAY.INTL(H38,1,"0000110",$AB$5:$AB$11) -> 46245 | H39: =WORKDAY.INTL(G39,1,"0000110",$AB$5:$AB$11) -> 46246 | L39: =IF(OR(K39=100%,J39<>""),"Completed",IF(AND(OR(K39="",K39=0),E39>TODAY()),"Not Started",IF(AND(OR(K39="",K39=0),E39<=TODAY()),"Delayed",IF(AND(K39>0,K39<100%,F39<TODAY()),"Delayed",IF(AND(K39>0,K39<100%),"In Progress",""))))) -> Not Started | U39: Handle grid models, graphics, data accuracy issues, not including field equipment and communication etc | X39: E2E Rectification | Y39: Batch 06
C40: Cuttover - Upstream (Option 1) | D40: =NETWORKDAYS.INTL(E40,F40,"0000110",$AB$5:$AB$12) -> 1 | E40: =WORKDAY.INTL(F39,0,"0000110",$AB$5:$AB$11) -> 46246 | F40: =WORKDAY.INTL(E40,0,"0000110",$AB$5:$AB$11) -> 46246 | G40: =WORKDAY.INTL(H39,0,"0000110",$AB$5:$AB$11) -> 46246 | H40: =WORKDAY.INTL(G40,0,"0000110",$AB$5:$AB$11) -> 46246 | L40: =IF(OR(K40=100%,J40<>""),"Completed",IF(AND(OR(K40="",K40=0),E40>TODAY()),"Not Started",IF(AND(OR(K40="",K40=0),E40<=TODAY()),"Delayed",IF(AND(K40>0,K40<100%,F40<TODAY()),"Delayed",IF(AND(K40>0,K40<100%),"In Progress",""))))) -> Not Started | X40: Cutover | Y40: Batch 06
B42: 7th Batch (10 SS) | C42: SLD and DB Submission - Upstream | D42: =NETWORKDAYS.INTL(E42,F42,"0000100",$AB$5:$AB$12) -> 7 | E42: =WORKDAY.INTL(F36,1,"0000100",$AB$5:$AB$11) -> 46223 | F42: =WORKDAY.INTL(E42,6,"0000100",$AB$5:$AB$11) -> 46230 | G42: =WORKDAY.INTL(H36,1,"0000100",$AB$5:$AB$11) -> 46223 | H42: =WORKDAY.INTL(G42,6,"0000100",$AB$5:$AB$11) -> 46230 | L42: =IF(OR(K42=100%,J42<>""),"Completed",IF(AND(OR(K42="",K42=0),E42>TODAY()),"Not Started",IF(AND(OR(K42="",K42=0),E42<=TODAY()),"Delayed",IF(AND(K42>0,K42<100%,F42<TODAY()),"Delayed",IF(AND(K42>0,K42<100%),"In Progress",""))))) -> Not Started | X42: SLD Submission | Y42: Batch 07
C43: Validation by SE - Upstream | D43: =NETWORKDAYS.INTL(E43,F43,"0000100",$AB$5:$AB$12) -> 5 | E43: =WORKDAY.INTL(F37,1,"0000100",$AB$5:$AB$11) -> 46231 | F43: =WORKDAY.INTL(E43,4,"0000100",$AB$5:$AB$11) -> 46236 | G43: =WORKDAY.INTL(H37,1,"0000100",$AB$5:$AB$11) -> 46231 | H43: =WORKDAY.INTL(G43,4,"0000100",$AB$5:$AB$11) -> 46236 | L43: =IF(OR(K43=100%,J43<>""),"Completed",IF(AND(OR(K43="",K43=0),E43>TODAY()),"Not Started",IF(AND(OR(K43="",K43=0),E43<=TODAY()),"Delayed",IF(AND(K43>0,K43<100%,F43<TODAY()),"Delayed",IF(AND(K43>0,K43<100%),"In Progress",""))))) -> Not Started | X43: SLD Validation | Y43: Batch 07
C44: E2E - Upstream | D44: =NETWORKDAYS.INTL(E44,F44,"0000110",$AB$5:$AB$12) -> 4 | E44: =WORKDAY.INTL(F38,1,"0000110",$AB$5:$AB$11) -> 46245 | F44: =WORKDAY.INTL(E44,3,"0000110",$AB$5:$AB$11) -> 46250 | G44: =WORKDAY.INTL(H38,1,"0000110",$AB$5:$AB$11) -> 46245 | H44: =WORKDAY.INTL(G44,3,"0000110",$AB$5:$AB$11) -> 46250 | L44: =IF(OR(K44=100%,J44<>""),"Completed",IF(AND(OR(K44="",K44=0),E44>TODAY()),"Not Started",IF(AND(OR(K44="",K44=0),E44<=TODAY()),"Delayed",IF(AND(K44>0,K44<100%,F44<TODAY()),"Delayed",IF(AND(K44>0,K44<100%),"In Progress",""))))) -> Not Started | U44: Depend on Telecom Readiness Cutover Depend on Succesful Completion of E2E | X44: E2E for Grid SS | Y44: Batch 07
C45: E2E Comments Rectification - Upstream | D45: =NETWORKDAYS.INTL(E45,F45,"0000110",$AB$5:$AB$12) -> 2 | E45: =WORKDAY.INTL(F44,1,"0000110",$AB$5:$AB$11) -> 46251 | F45: =WORKDAY.INTL(E45,1,"0000110",$AB$5:$AB$11) -> 46252 | G45: =WORKDAY.INTL(H44,1,"0000110",$AB$5:$AB$11) -> 46251 | H45: =WORKDAY.INTL(G45,1,"0000110",$AB$5:$AB$11) -> 46252 | L45: =IF(OR(K45=100%,J45<>""),"Completed",IF(AND(OR(K45="",K45=0),E45>TODAY()),"Not Started",IF(AND(OR(K45="",K45=0),E45<=TODAY()),"Delayed",IF(AND(K45>0,K45<100%,F45<TODAY()),"Delayed",IF(AND(K45>0,K45<100%),"In Progress",""))))) -> Not Started | U45: Handle grid models, graphics, data accuracy issues, not including field equipment and communication etc | X45: E2E Rectification | Y45: Batch 07
C46: Cuttover - Upstream (Option 1) | D46: =NETWORKDAYS.INTL(E46,F46,"0000110",$AB$5:$AB$12) -> 1 | E46: =WORKDAY.INTL(F45,0,"0000110",$AB$5:$AB$11) -> 46252 | F46: =WORKDAY.INTL(E46,0,"0000110",$AB$5:$AB$11) -> 46252 | G46: =WORKDAY.INTL(H45,0,"0000110",$AB$5:$AB$11) -> 46252 | H46: =WORKDAY.INTL(G46,0,"0000110",$AB$5:$AB$11) -> 46252 | L46: =IF(OR(K46=100%,J46<>""),"Completed",IF(AND(OR(K46="",K46=0),E46>TODAY()),"Not Started",IF(AND(OR(K46="",K46=0),E46<=TODAY()),"Delayed",IF(AND(K46>0,K46<100%,F46<TODAY()),"Delayed",IF(AND(K46>0,K46<100%),"In Progress",""))))) -> Not Started | X46: Cutover | Y46: Batch 07
B48: 8th Batch (10 SS) | C48: SLD and DB Submission - Upstream | D48: =NETWORKDAYS.INTL(E48,F48,"0000100",$AB$5:$AB$12) -> 7 | E48: =WORKDAY.INTL(F42,1,"0000100",$AB$5:$AB$11) -> 46231 | F48: =WORKDAY.INTL(E48,6,"0000100",$AB$5:$AB$11) -> 46238 | G48: =WORKDAY.INTL(H42,1,"0000100",$AB$5:$AB$11) -> 46231 | H48: =WORKDAY.INTL(G48,6,"0000100",$AB$5:$AB$11) -> 46238 | L48: =IF(OR(K48=100%,J48<>""),"Completed",IF(AND(OR(K48="",K48=0),E48>TODAY()),"Not Started",IF(AND(OR(K48="",K48=0),E48<=TODAY()),"Delayed",IF(AND(K48>0,K48<100%,F48<TODAY()),"Delayed",IF(AND(K48>0,K48<100%),"In Progress",""))))) -> Not Started | X48: SLD Submission | Y48: Batch 08
C49: Validation by SE - Upstream | D49: =NETWORKDAYS.INTL(E49,F49,"0000100",$AB$5:$AB$12) -> 5 | E49: =WORKDAY.INTL(F43,3,"0000100",$AB$5:$AB$11) -> 46239 | F49: =WORKDAY.INTL(E49,4,"0000100",$AB$5:$AB$11) -> 46244 | G49: =WORKDAY.INTL(H43,3,"0000100",$AB$5:$AB$11) -> 46239 | H49: =WORKDAY.INTL(G49,4,"0000100",$AB$5:$AB$11) -> 46244 | L49: =IF(OR(K49=100%,J49<>""),"Completed",IF(AND(OR(K49="",K49=0),E49>TODAY()),"Not Started",IF(AND(OR(K49="",K49=0),E49<=TODAY()),"Delayed",IF(AND(K49>0,K49<100%,F49<TODAY()),"Delayed",IF(AND(K49>0,K49<100%),"In Progress",""))))) -> Not Started | X49: SLD Validation | Y49: Batch 08
C50: E2E - Upstream | D50: =NETWORKDAYS.INTL(E50,F50,"0000110",$AB$5:$AB$12) -> 4 | E50: =WORKDAY.INTL(F44,1,"0000110",$AB$5:$AB$11) -> 46251 | F50: =WORKDAY.INTL(E50,3,"0000110",$AB$5:$AB$11) -> 46254 | G50: =WORKDAY.INTL(H44,1,"0000110",$AB$5:$AB$11) -> 46251 | H50: =WORKDAY.INTL(G50,3,"0000110",$AB$5:$AB$11) -> 46254 | L50: =IF(OR(K50=100%,J50<>""),"Completed",IF(AND(OR(K50="",K50=0),E50>TODAY()),"Not Started",IF(AND(OR(K50="",K50=0),E50<=TODAY()),"Delayed",IF(AND(K50>0,K50<100%,F50<TODAY()),"Delayed",IF(AND(K50>0,K50<100%),"In Progress",""))))) -> Not Started | U50: Depend on Telecom Readiness Cutover Depend on Succesful Completion of E2E | X50: E2E for Grid SS | Y50: Batch 08
C51: E2E Comments Rectification - Upstream | D51: =NETWORKDAYS.INTL(E51,F51,"0000110",$AB$5:$AB$12) -> 2 | E51: =WORKDAY.INTL(F50,1,"0000110",$AB$5:$AB$11) -> 46257 | F51: =WORKDAY.INTL(E51,1,"0000110",$AB$5:$AB$11) -> 46258 | G51: =WORKDAY.INTL(H50,1,"0000110",$AB$5:$AB$11) -> 46257 | H51: =WORKDAY.INTL(G51,1,"0000110",$AB$5:$AB$11) -> 46258 | L51: =IF(OR(K51=100%,J51<>""),"Completed",IF(AND(OR(K51="",K51=0),E51>TODAY()),"Not Started",IF(AND(OR(K51="",K51=0),E51<=TODAY()),"Delayed",IF(AND(K51>0,K51<100%,F51<TODAY()),"Delayed",IF(AND(K51>0,K51<100%),"In Progress",""))))) -> Not Started | U51: Handle grid models, graphics, data accuracy issues, not including field equipment and communication etc | X51: E2E Rectification | Y51: Batch 08
C52: Cuttover - Upstream (Option 1) | D52: =NETWORKDAYS.INTL(E52,F52,"0000110",$AB$5:$AB$12) -> 1 | E52: =WORKDAY.INTL(F51,0,"0000110",$AB$5:$AB$11) -> 46258 | F52: =WORKDAY.INTL(E52,0,"0000110",$AB$5:$AB$11) -> 46258 | G52: =WORKDAY.INTL(H51,0,"0000110",$AB$5:$AB$11) -> 46258 | H52: =WORKDAY.INTL(G52,0,"0000110",$AB$5:$AB$11) -> 46258 | L52: =IF(OR(K52=100%,J52<>""),"Completed",IF(AND(OR(K52="",K52=0),E52>TODAY()),"Not Started",IF(AND(OR(K52="",K52=0),E52<=TODAY()),"Delayed",IF(AND(K52>0,K52<100%,F52<TODAY()),"Delayed",IF(AND(K52>0,K52<100%),"In Progress",""))))) -> Not Started | X52: Cutover | Y52: Batch 08
B54: 9th Batch (11 SS) | C54: SLD and DB Submission - Upstream | D54: =NETWORKDAYS.INTL(E54,F54,"0000100",$AB$5:$AB$12) -> 7 | E54: =WORKDAY.INTL(F48,1,"0000100",$AB$5:$AB$11) -> 46239 | F54: =WORKDAY.INTL(E54,6,"0000100",$AB$5:$AB$11) -> 46246 | G54: =WORKDAY.INTL(H48,1,"0000100",$AB$5:$AB$11) -> 46239 | H54: =WORKDAY.INTL(G54,6,"0000100",$AB$5:$AB$11) -> 46246 | L54: =IF(OR(K54=100%,J54<>""),"Completed",IF(AND(OR(K54="",K54=0),E54>TODAY()),"Not Started",IF(AND(OR(K54="",K54=0),E54<=TODAY()),"Delayed",IF(AND(K54>0,K54<100%,F54<TODAY()),"Delayed",IF(AND(K54>0,K54<100%),"In Progress",""))))) -> Not Started | X54: SLD Submission | Y54: Batch 09
C55: Validation by SE - Upstream | D55: =NETWORKDAYS.INTL(E55,F55,"0000100",$AB$5:$AB$12) -> 4 | E55: =WORKDAY.INTL(F49,3,"0000100",$AB$5:$AB$11) -> 46247 | F55: =WORKDAY.INTL(E55,3,"0000100",$AB$5:$AB$11) -> 46251 | G55: =WORKDAY.INTL(H49,3,"0000100",$AB$5:$AB$11) -> 46247 | H55: =WORKDAY.INTL(G55,3,"0000100",$AB$5:$AB$11) -> 46251 | L55: =IF(OR(K55=100%,J55<>""),"Completed",IF(AND(OR(K55="",K55=0),E55>TODAY()),"Not Started",IF(AND(OR(K55="",K55=0),E55<=TODAY()),"Delayed",IF(AND(K55>0,K55<100%,F55<TODAY()),"Delayed",IF(AND(K55>0,K55<100%),"In Progress",""))))) -> Not Started | X55: SLD Validation | Y55: Batch 09
C56: E2E - Upstream | D56: =NETWORKDAYS.INTL(E56,F56,"0000110",$AB$5:$AB$12) -> 4 | E56: =WORKDAY.INTL(F50,1,"0000110") -> 46257 | F56: =WORKDAY.INTL(E56,3,"0000110") -> 46260 | G56: =WORKDAY.INTL(H50,1,"0000110") -> 46257 | H56: =WORKDAY.INTL(G56,3,"0000110") -> 46260 | L56: =IF(OR(K56=100%,J56<>""),"Completed",IF(AND(OR(K56="",K56=0),E56>TODAY()),"Not Started",IF(AND(OR(K56="",K56=0),E56<=TODAY()),"Delayed",IF(AND(K56>0,K56<100%,F56<TODAY()),"Delayed",IF(AND(K56>0,K56<100%),"In Progress",""))))) -> Not Started | U56: Depend on Telecom Readiness Cutover Depend on Succesful Completion of E2E | X56: E2E for Grid SS | Y56: Batch 09
C57: E2E Comments Rectification - Upstream | D57: =NETWORKDAYS.INTL(E57,F57,"0000110",$AB$5:$AB$12) -> 2 | E57: =WORKDAY.INTL(F56,1,"0000110") -> 46261 | F57: =WORKDAY.INTL(E57,1,"0000110") -> 46264 | G57: =WORKDAY.INTL(H56,1,"0000110") -> 46261 | H57: =WORKDAY.INTL(G57,1,"0000110") -> 46264 | L57: =IF(OR(K57=100%,J57<>""),"Completed",IF(AND(OR(K57="",K57=0),E57>TODAY()),"Not Started",IF(AND(OR(K57="",K57=0),E57<=TODAY()),"Delayed",IF(AND(K57>0,K57<100%,F57<TODAY()),"Delayed",IF(AND(K57>0,K57<100%),"In Progress",""))))) -> Not Started | U57: Handle grid models, graphics, data accuracy issues, not including field equipment and communication etc | X57: E2E Rectification | Y57: Batch 09
C58: Cuttover - Upstream (Option 1) | D58: =NETWORKDAYS.INTL(E58,F58,"0000110",$AB$5:$AB$12) -> 1 | E58: =WORKDAY.INTL(F57,0,"0000110") -> 46264 | F58: =WORKDAY.INTL(E58,0,"0000110") -> 46264 | G58: =WORKDAY.INTL(H57,0,"0000110") -> 46264 | H58: =WORKDAY.INTL(G58,0,"0000110") -> 46264 | L58: =IF(OR(K58=100%,J58<>""),"Completed",IF(AND(OR(K58="",K58=0),E58>TODAY()),"Not Started",IF(AND(OR(K58="",K58=0),E58<=TODAY()),"Delayed",IF(AND(K58>0,K58<100%,F58<TODAY()),"Delayed",IF(AND(K58>0,K58<100%),"In Progress",""))))) -> Not Started | X58: Cutover | Y58: Batch 09
B60: 10th Batch (11 SS) | C60: SLD and DB Submission - Upstream | D60: =NETWORKDAYS.INTL(E60,F60,"0000100",$AB$5:$AB$12) -> 7 | E60: =WORKDAY.INTL(F54,1,"0000100",$AB$5:$AB$11) -> 46247 | F60: =WORKDAY.INTL(E60,6,"0000100",$AB$5:$AB$11) -> 46254 | G60: =WORKDAY.INTL(H54,1,"0000100",$AB$5:$AB$11) -> 46247 | H60: =WORKDAY.INTL(G60,6,"0000100",$AB$5:$AB$11) -> 46254 | L60: =IF(OR(K60=100%,J60<>""),"Completed",IF(AND(OR(K60="",K60=0),E60>TODAY()),"Not Started",IF(AND(OR(K60="",K60=0),E60<=TODAY()),"Delayed",IF(AND(K60>0,K60<100%,F60<TODAY()),"Delayed",IF(AND(K60>0,K60<100%),"In Progress",""))))) -> Not Started | X60: SLD Submission | Y60: Batch 10
C61: Validation by SE - Upstream | D61: =NETWORKDAYS.INTL(E61,F61,"0000100",$AB$5:$AB$12) -> 4 | E61: =WORKDAY.INTL(F55,4,"0000100",$AB$5:$AB$11) -> 46256 | F61: =WORKDAY.INTL(E61,3,"0000100",$AB$5:$AB$11) -> 46259 | G61: =WORKDAY.INTL(H55,4,"0000100",$AB$5:$AB$11) -> 46256 | H61: =WORKDAY.INTL(G61,3,"0000100",$AB$5:$AB$11) -> 46259 | L61: =IF(OR(K61=100%,J61<>""),"Completed",IF(AND(OR(K61="",K61=0),E61>TODAY()),"Not Started",IF(AND(OR(K61="",K61=0),E61<=TODAY()),"Delayed",IF(AND(K61>0,K61<100%,F61<TODAY()),"Delayed",IF(AND(K61>0,K61<100%),"In Progress",""))))) -> Not Started | X61: SLD Validation | Y61: Batch 10
C62: E2E - Upstream | D62: =NETWORKDAYS.INTL(E62,F62,"0000110",$AB$5:$AB$12) -> 4 | E62: =WORKDAY.INTL(F56,1,"0000110") -> 46261 | F62: =WORKDAY.INTL(E62,3,"0000110") -> 46266 | G62: =WORKDAY.INTL(H56,1,"0000110") -> 46261 | H62: =WORKDAY.INTL(G62,3,"0000110") -> 46266 | L62: =IF(OR(K62=100%,J62<>""),"Completed",IF(AND(OR(K62="",K62=0),E62>TODAY()),"Not Started",IF(AND(OR(K62="",K62=0),E62<=TODAY()),"Delayed",IF(AND(K62>0,K62<100%,F62<TODAY()),"Delayed",IF(AND(K62>0,K62<100%),"In Progress",""))))) -> Not Started | U62: Depend on Telecom Readiness Cutover Depend on Succesful Completion of E2E | X62: E2E for Grid SS | Y62: Batch 10
C63: E2E Comments Rectification - Upstream | D63: =NETWORKDAYS.INTL(E63,F63,"0000110",$AB$5:$AB$12) -> 2 | E63: =WORKDAY.INTL(F62,1,"0000110") -> 46267 | F63: =WORKDAY.INTL(E63,1,"0000110") -> 46268 | G63: =WORKDAY.INTL(H62,1,"0000110") -> 46267 | H63: =WORKDAY.INTL(G63,1,"0000110") -> 46268 | L63: =IF(OR(K63=100%,J63<>""),"Completed",IF(AND(OR(K63="",K63=0),E63>TODAY()),"Not Started",IF(AND(OR(K63="",K63=0),E63<=TODAY()),"Delayed",IF(AND(K63>0,K63<100%,F63<TODAY()),"Delayed",IF(AND(K63>0,K63<100%),"In Progress",""))))) -> Not Started | U63: Handle grid models, graphics, data accuracy issues, not including field equipment and communication etc | X63: E2E Rectification | Y63: Batch 10
C64: Cuttover - Upstream (Option 1) | D64: =NETWORKDAYS.INTL(E64,F64,"0000110",$AB$5:$AB$12) -> 1 | E64: =WORKDAY.INTL(F63,0,"0000110") -> 46268 | F64: =WORKDAY.INTL(E64,0,"0000110") -> 46268 | G64: =WORKDAY.INTL(H63,0,"0000110") -> 46268 | H64: =WORKDAY.INTL(G64,0,"0000110") -> 46268 | L64: =IF(OR(K64=100%,J64<>""),"Completed",IF(AND(OR(K64="",K64=0),E64>TODAY()),"Not Started",IF(AND(OR(K64="",K64=0),E64<=TODAY()),"Delayed",IF(AND(K64>0,K64<100%,F64<TODAY()),"Delayed",IF(AND(K64>0,K64<100%),"In Progress",""))))) -> Not Started | X64: Cutover | Y64: Batch 10
B66: Migration | C66: Alarm & Reporting Migration | D66: =NETWORKDAYS.INTL(E66,F66,"0000100",$AB$5:$AB$12) -> 18 | E66: =WORKDAY.INTL(F6,1,"0000100",$AB$5:$AB$11) -> 46202 | F66: =WORKDAY.INTL(E66,17,"0000100",$AB$5:$AB$11) -> 46222 | G66: =WORKDAY.INTL(H6,1,"0000100",$AB$5:$AB$11) -> 46202 | H66: =WORKDAY.INTL(G66,17,"0000100",$AB$5:$AB$11) -> 46222 | L66: =IF(OR(K66=100%,J66<>""),"Completed",IF(AND(OR(K66="",K66=0),E66>TODAY()),"Not Started",IF(AND(OR(K66="",K66=0),E66<=TODAY()),"Delayed",IF(AND(K66>0,K66<100%,F66<TODAY()),"Delayed",IF(AND(K66>0,K66<100%),"In Progress",""))))) -> Not Started | U66: Depend on : *1st Round of Database Migration *Workstation Availability
C67: UI & Display Configuration | D67: =NETWORKDAYS.INTL(E67,F67,"0000100",$AB$5:$AB$12) -> 18 | E67: =WORKDAY.INTL(F6,1,"0000100",$AB$5:$AB$11) -> 46202 | F67: =WORKDAY.INTL(E67,17,"0000100",$AB$5:$AB$11) -> 46222 | G67: =WORKDAY.INTL(H6,1,"0000100",$AB$5:$AB$11) -> 46202 | H67: =WORKDAY.INTL(G67,17,"0000100",$AB$5:$AB$11) -> 46222 | L67: =IF(OR(K67=100%,J67<>""),"Completed",IF(AND(OR(K67="",K67=0),E67>TODAY()),"Not Started",IF(AND(OR(K67="",K67=0),E67<=TODAY()),"Delayed",IF(AND(K67>0,K67<100%,F67<TODAY()),"Delayed",IF(AND(K67>0,K67<100%),"In Progress",""))))) -> Not Started | U67: Depend on : *1st Round of Database Migration *Workstation Availability
C68: Historian Migration | D68: =NETWORKDAYS.INTL(E68,F68,"0000100",$AB$5:$AB$12) -> 65 | E68: =WORKDAY.INTL(F6,1,"0000100",$AB$5:$AB$11) -> 46202 | F68: =WORKDAY.INTL(E68,64,"0000100",$AB$5:$AB$11) -> 46277 | G68: =WORKDAY.INTL(H6,1,"0000100",$AB$5:$AB$11) -> 46202 | H68: =WORKDAY.INTL(G68,64,"0000100",$AB$5:$AB$11) -> 46277 | L68: =IF(OR(K68=100%,J68<>""),"Completed",IF(AND(OR(K68="",K68=0),E68>TODAY()),"Not Started",IF(AND(OR(K68="",K68=0),E68<=TODAY()),"Delayed",IF(AND(K68>0,K68<100%,F68<TODAY()),"Delayed",IF(AND(K68>0,K68<100%),"In Progress",""))))) -> Not Started | U68: Depend on : *1st Round of Database Migration *Data Structure & Analysis from SE
B70: Integration | C70: DNMC Integration | D70: =NETWORKDAYS.INTL(E70,F70,"0000100",$AB$5:$AB$12) -> 26 | E70: =WORKDAY.INTL(F64,1,"0000100",$AB$5:$AB$11) -> 46270 | F70: =WORKDAY.INTL(E70,25,"0000100",$AB$5:$AB$11) -> 46300 | G70: =WORKDAY.INTL(H64,1,"0000100",$AB$5:$AB$11) -> 46270 | H70: =WORKDAY.INTL(G70,25,"0000100",$AB$5:$AB$11) -> 46300 | L70: =IF(OR(K70=100%,J70<>""),"Completed",IF(AND(OR(K70="",K70=0),E70>TODAY()),"Not Started",IF(AND(OR(K70="",K70=0),E70<=TODAY()),"Delayed",IF(AND(K70>0,K70<100%,F70<TODAY()),"Delayed",IF(AND(K70>0,K70<100%),"In Progress",""))))) -> Not Started | U70: 1.Depend on DNMC is Completed 2.DNMC datapoint Scope 3.DNMC <-----> DCC telecom completed 4.ICCP Configuration 5.Testing（SDCC & DNMC ICCP Channel Testing） 6.Batch 10 Cut Over Estimate add 5 days to do DNMC ICCP Intergration 7.Estimate all step Completed on 8th Sep
C71: Local ESB Installation | D71: =NETWORKDAYS.INTL(E71,F71,"0000100",$AB$5:$AB$12) -> 7 | E71: 46203 | F71: =WORKDAY.INTL(E71,6,"0000100",$AB$5:$AB$11) -> 46210 | G71: 46203 | H71: =WORKDAY.INTL(G71,6,"0000100",$AB$5:$AB$11) -> 46210 | L71: =IF(OR(K71=100%,J71<>""),"Completed",IF(AND(OR(K71="",K71=0),E71>TODAY()),"Not Started",IF(AND(OR(K71="",K71=0),E71<=TODAY()),"Delayed",IF(AND(K71>0,K71<100%,F71<TODAY()),"Delayed",IF(AND(K71>0,K71<100%),"In Progress",""))))) -> Not Started
C72: Central ESB Integration（Third Partly System Phase 1） | D72: =NETWORKDAYS.INTL(E72,F72,"0000100",$AB$5:$AB$12) -> 166 | E72: 46194 | F72: =WORKDAY.INTL(E72,165,"0000100",$AB$5:$AB$11) -> 46387 | G72: 46194 | H72: =WORKDAY.INTL(G72,165,"0000100",$AB$5:$AB$11) -> 46387 | L72: =IF(OR(K72=100%,J72<>""),"Completed",IF(AND(OR(K72="",K72=0),E72>TODAY()),"Not Started",IF(AND(OR(K72="",K72=0),E72<=TODAY()),"Delayed",IF(AND(K72>0,K72<100%,F72<TODAY()),"Delayed",IF(AND(K72>0,K72<100%),"In Progress",""))))) -> Delayed | U72: Details need be confirmed by SE and C-ESB side,under discussion. The relevant timeline can only be estimated as the following dependencies remain unconfirmed. 1.DEV timeline not be confirmed 2.Business flow not be confirmed between ADMS and TPS. 3.Interface not confimed because of the business flow. 4. Telecom condition timeline not be confirmed. 5.Detailed planned dates can not be clarified before the confirmation of the Change Order. 6.C-ESB hardware condition not be confirmed
C73: Central ESB Integration（Third Partly System Phase 2） | D73: =NETWORKDAYS.INTL(E73,F73,"0000100",$AB$5:$AB$12) -> 129 | E73: =WORKDAY.INTL(F72,1,"0000100",$AB$5:$AB$11) -> 46389 | F73: =WORKDAY.INTL(E73,128,"0000100",$AB$5:$AB$11) -> 46538 | G73: =WORKDAY.INTL(H72,1,"0000100",$AB$5:$AB$11) -> 46389 | H73: =WORKDAY.INTL(G73,128,"0000100",$AB$5:$AB$11) -> 46538 | L73: =IF(OR(K73=100%,J73<>""),"Completed",IF(AND(OR(K73="",K73=0),E73>TODAY()),"Not Started",IF(AND(OR(K73="",K73=0),E73<=TODAY()),"Delayed",IF(AND(K73>0,K73<100%,F73<TODAY()),"Delayed",IF(AND(K73>0,K73<100%),"In Progress",""))))) -> Not Started | U73: Details need be confirmed by SE and C-ESB side,under discussion. The relevant timeline can only be estimated as the following dependencies remain unconfirmed. 1.DEV timeline not be confirmed 2.Business flow not be confirmed between ADMS and TPS. 3.Interface not confimed because of the business flow. 4. Telecom condition timeline not be confirmed. 5.Detailed planned dates can not be clarified before the confirmation of the Change Order. 6.C-ESB hardware condition not be confirmed
C74: DC-DR SYNC | D74: =NETWORKDAYS.INTL(E74,F74,"0000100",$AB$5:$AB$12) -> 18 | E74: 46357 | F74: =WORKDAY.INTL(E74,17,"0000100",$AB$5:$AB$11) -> 46377 | G74: 46357 | H74: =WORKDAY.INTL(G74,17,"0000100",$AB$5:$AB$11) -> 46377 | L74: =IF(OR(K74=100%,J74<>""),"Completed",IF(AND(OR(K74="",K74=0),E74>TODAY()),"Not Started",IF(AND(OR(K74="",K74=0),E74<=TODAY()),"Delayed",IF(AND(K74>0,K74<100%,F74<TODAY()),"Delayed",IF(AND(K74>0,K74<100%),"In Progress",""))))) -> Not Started | U74: Depend on DC<---->DR Telecom Completed Depend on Lan/Wan Delivery & Installation & TnC
B76: Cut Over - Upstream (Live-On) | C76: Cut Over（Batch 1:10） (2nd Option) | D76: =NETWORKDAYS.INTL(E76,F76,"0000110",$AB$5:$AB$12) -> 3 | E76: =MAX(WORKDAY.INTL(F63,1,"0000110"),WORKDAY.INTL(F84,1,"0000110"),WORKDAY.INTL(F82,1,"0000110")) -> 46278 | F76: =WORKDAY.INTL(E76,2,"0000110") -> 46280 | G76: =MAX(WORKDAY.INTL(H63,1,"0000110"),WORKDAY.INTL(H84,1,"0000110"),WORKDAY.INTL(H82,1,"0000110")) -> 46278 | H76: =WORKDAY.INTL(G76,2,"0000110") -> 46280 | L76: =IF(OR(K76=100%,J76<>""),"Completed",IF(AND(OR(K76="",K76=0),E76>TODAY()),"Not Started",IF(AND(OR(K76="",K76=0),E76<=TODAY()),"Delayed",IF(AND(K76>0,K76<100%,F76<TODAY()),"Delayed",IF(AND(K76>0,K76<100%),"In Progress",""))))) -> Not Started | U76: 1.Completed Cut Over(Upstream Batch1-10) 2.Completed SAT 3.Completed System Available Testing
B78: ADMS SAT - Upstream | C78: Hardware cybersecurity test | D78: =NETWORKDAYS.INTL(E78,F78,"0000110",$AB$5:$AB$12) -> 3 | E78: =MAX(WORKDAY.INTL(F61,1,"0000110",$AB$5:$AB$11),WORKDAY.INTL(F67,1,"0000110",$AB$5:$AB$11),WORKDAY.INTL(F51,1,"0000110",$AB$5:$AB$11)) -> 46260 | F78: =WORKDAY.INTL(E78,2,"0000110",$AB$5:$AB$11) -> 46264 | G78: =MAX(WORKDAY.INTL(H61,1,"0000110",$AB$5:$AB$11),WORKDAY.INTL(H67,1,"0000110",$AB$5:$AB$11),WORKDAY.INTL(H51,1,"0000110",$AB$5:$AB$11)) -> 46260 | H78: =WORKDAY.INTL(G78,2,"0000110",$AB$5:$AB$11) -> 46264 | L78: =IF(OR(K78=100%,J78<>""),"Completed",IF(AND(OR(K78="",K78=0),E78>TODAY()),"Not Started",IF(AND(OR(K78="",K78=0),E78<=TODAY()),"Delayed",IF(AND(K78>0,K78<100%,F78<TODAY()),"Delayed",IF(AND(K78>0,K78<100%),"In Progress",""))))) -> Not Started
C79: Functional test - SCADA | D79: =NETWORKDAYS.INTL(E79,F79,"0000110",$AB$5:$AB$12) -> 5 | E79: =WORKDAY.INTL(F78,1,"0000110",$AB$5:$AB$11) -> 46265 | F79: =WORKDAY.INTL(E79,4,"0000110",$AB$5:$AB$11) -> 46271 | G79: =WORKDAY.INTL(H78,1,"0000110",$AB$5:$AB$11) -> 46265 | H79: =WORKDAY.INTL(G79,4,"0000110",$AB$5:$AB$11) -> 46271 | L79: =IF(OR(K79=100%,J79<>""),"Completed",IF(AND(OR(K79="",K79=0),E79>TODAY()),"Not Started",IF(AND(OR(K79="",K79=0),E79<=TODAY()),"Delayed",IF(AND(K79>0,K79<100%,F79<TODAY()),"Delayed",IF(AND(K79>0,K79<100%),"In Progress",""))))) -> Not Started
C80: Redundancy test | D80: =NETWORKDAYS.INTL(E80,F80,"0000110",$AC$5:$AC$12) -> 2 | E80: =WORKDAY.INTL(F79,1,"0000110",$AC$5:$AC$11) -> 46272 | F80: =WORKDAY.INTL(E80,1,"0000110",$AC$5:$AC$11) -> 46273 | G80: =WORKDAY.INTL(H79,1,"0000110",$AC$5:$AC$11) -> 46272 | H80: =WORKDAY.INTL(G80,1,"0000110",$AC$5:$AC$11) -> 46273 | L80: =IF(OR(K80=100%,J80<>""),"Completed",IF(AND(OR(K80="",K80=0),E80>TODAY()),"Not Started",IF(AND(OR(K80="",K80=0),E80<=TODAY()),"Delayed",IF(AND(K80>0,K80<100%,F80<TODAY()),"Delayed",IF(AND(K80>0,K80<100%),"In Progress",""))))) -> Not Started | V80: 5 Days Calendar
C81: Stability & unstructure test | D81: =NETWORKDAYS.INTL(E81,F81,"0000110",$AB$5:$AB$12) -> 1 | E81: =WORKDAY.INTL(F80,1,"0000110",$AB$5:$AB$11) -> 46274 | F81: =WORKDAY.INTL(E81,0,"0000110",$AB$5:$AB$11) -> 46274 | G81: =WORKDAY.INTL(H80,1,"0000110",$AB$5:$AB$11) -> 46274 | H81: =WORKDAY.INTL(G81,0,"0000110",$AB$5:$AB$11) -> 46274 | L81: =IF(OR(K81=100%,J81<>""),"Completed",IF(AND(OR(K81="",K81=0),E81>TODAY()),"Not Started",IF(AND(OR(K81="",K81=0),E81<=TODAY()),"Delayed",IF(AND(K81>0,K81<100%,F81<TODAY()),"Delayed",IF(AND(K81>0,K81<100%),"In Progress",""))))) -> Not Started
C82: Regression test | D82: =NETWORKDAYS.INTL(E82,F82,"0000110",$AB$5:$AB$12) -> 1 | E82: =WORKDAY.INTL(F81,1,"0000110",$AB$5:$AB$11) -> 46275 | F82: =WORKDAY.INTL(E82,0,"0000110",$AB$5:$AB$11) -> 46275 | G82: =WORKDAY.INTL(H81,1,"0000110",$AB$5:$AB$11) -> 46275 | H82: =WORKDAY.INTL(G82,0,"0000110",$AB$5:$AB$11) -> 46275 | L82: =IF(OR(K82=100%,J82<>""),"Completed",IF(AND(OR(K82="",K82=0),E82>TODAY()),"Not Started",IF(AND(OR(K82="",K82=0),E82<=TODAY()),"Delayed",IF(AND(K82>0,K82<100%,F82<TODAY()),"Delayed",IF(AND(K82>0,K82<100%),"In Progress",""))))) -> Not Started
B84: Training | C84: Training inside KSA | D84: =NETWORKDAYS.INTL(E84,F84,"0000110",$AB$5:$AB$12) -> 30 | E84: 46235 | F84: =WORKDAY.INTL(E84,30,"0000110",$AB$5:$AB$11) -> 46275 | G84: 46235 | H84: =WORKDAY.INTL(G84,30,"0000110",$AB$5:$AB$11) -> 46275 | L84: =IF(OR(K84=100%,J84<>""),"Completed",IF(AND(OR(K84="",K84=0),E84>TODAY()),"Not Started",IF(AND(OR(K84="",K84=0),E84<=TODAY()),"Delayed",IF(AND(K84>0,K84<100%,F84<TODAY()),"Delayed",IF(AND(K84>0,K84<100%),"In Progress",""))))) -> Not Started | U84: Depend on Training Room Rediness
C85: Training in Factory | D85: =NETWORKDAYS.INTL(E85,F85,"0000110",$AB$5:$AB$12) -> 30 | E85: =F76+7 -> 46287 | F85: =WORKDAY.INTL(E85,29,"0000110",$AB$5:$AB$11) -> 46329 | G85: =H76+7 -> 46287 | H85: =WORKDAY.INTL(G85,29,"0000110",$AB$5:$AB$11) -> 46329 | L85: =IF(OR(K85=100%,J85<>""),"Completed",IF(AND(OR(K85="",K85=0),E85>TODAY()),"Not Started",IF(AND(OR(K85="",K85=0),E85<=TODAY()),"Delayed",IF(AND(K85>0,K85<100%,F85<TODAY()),"Delayed",IF(AND(K85>0,K85<100%),"In Progress",""))))) -> Not Started
B87: DERMS | C87: DERMS Software Installation | D87: =NETWORKDAYS.INTL(E87,F87,"0000100",$AB$5:$AB$12) -> 19 | E87: 46231 | F87: =E87+21 -> 46252 | G87: 46187 | H87: =G87+21 -> 46208 | L87: =IF(OR(K87=100%,J87<>""),"Completed",IF(AND(OR(K87="",K87=0),E87>TODAY()),"Not Started",IF(AND(OR(K87="",K87=0),E87<=TODAY()),"Delayed",IF(AND(K87>0,K87<100%,F87<TODAY()),"Delayed",IF(AND(K87>0,K87<100%),"In Progress",""))))) -> Not Started | U87: The firewall configuration and required access rules shall be fully implemented and verified. Network access between the relevant systems and sites shall be available and confirmed. Connectivity between DC/DR shall be completed to support DC/DR communication and failover testing. All required ports, routing rules, and security policies shall be provided before testing.
C88: DERMS SAT | D88: =NETWORKDAYS.INTL(E88,F88,"0000110",$AB$5:$AB$12) -> 12 | E88: =E95-23 -> 46348 | F88: =E88+15 -> 46363 | G88: =G95-23 -> 46348 | H88: =G88+15 -> 46363 | L88: =IF(OR(K88=100%,J88<>""),"Completed",IF(AND(OR(K88="",K88=0),E88>TODAY()),"Not Started",IF(AND(OR(K88="",K88=0),E88<=TODAY()),"Delayed",IF(AND(K88>0,K88<100%,F88<TODAY()),"Delayed",IF(AND(K88>0,K88<100%),"In Progress",""))))) -> Not Started | U88: Data for DER is required from SE
B90: Dowstream | C90: SLD and DB ( Total 2,300) | D90: =NETWORKDAYS.INTL(E90,F90,"0000100",$AB$5:$AB$12) -> 76 | E90: =WORKDAY.INTL(F63,1,"0000100",$AB$5:$AB$11) -> 46270 | F90: =WORKDAY.INTL(E90,75,"0000100",$AB$5:$AB$11) -> 46358 | G90: =WORKDAY.INTL(H63,1,"0000100",$AB$5:$AB$11) -> 46270 | H90: =WORKDAY.INTL(G90,75,"0000100",$AB$5:$AB$11) -> 46358 | L90: =IF(OR(K90=100%,J90<>""),"Completed",IF(AND(OR(K90="",K90=0),E90>TODAY()),"Not Started",IF(AND(OR(K90="",K90=0),E90<=TODAY()),"Delayed",IF(AND(K90>0,K90<100%,F90<TODAY()),"Delayed",IF(AND(K90>0,K90<100%),"In Progress",""))))) -> Not Started
C91: Validation by SE | D91: =NETWORKDAYS.INTL(E91,F91,"0000100",$AB$5:$AB$12) -> 76 | E91: =WORKDAY.INTL(E90,14,"0000100",$AB$5:$AB$11) -> 46286 | F91: =WORKDAY.INTL(F90,14,"0000100",$AB$5:$AB$11) -> 46375 | G91: =WORKDAY.INTL(G90,14,"0000100",$AB$5:$AB$11) -> 46286 | H91: =WORKDAY.INTL(H90,14,"0000100",$AB$5:$AB$11) -> 46375 | L91: =IF(OR(K91=100%,J91<>""),"Completed",IF(AND(OR(K91="",K91=0),E91>TODAY()),"Not Started",IF(AND(OR(K91="",K91=0),E91<=TODAY()),"Delayed",IF(AND(K91>0,K91<100%,F91<TODAY()),"Delayed",IF(AND(K91>0,K91<100%),"In Progress",""))))) -> Not Started | U91: 3 days FF with SLD 1st patch
C92: E2E for SFD (10% - 1100) | D92: =NETWORKDAYS.INTL(E92,F92,"0000110",$AB$5:$AB$12) -> 66 | E92: =WORKDAY.INTL(E91,5,"0000110") -> 46293 | F92: =WORKDAY.INTL(E92,65,"0000110") -> 46384 | G92: =WORKDAY.INTL(G91,5,"0000110") -> 46293 | H92: =WORKDAY.INTL(G92,65,"0000110") -> 46384 | L92: =IF(OR(K92=100%,J92<>""),"Completed",IF(AND(OR(K92="",K92=0),E92>TODAY()),"Not Started",IF(AND(OR(K92="",K92=0),E92<=TODAY()),"Delayed",IF(AND(K92>0,K92<100%,F92<TODAY()),"Delayed",IF(AND(K92>0,K92<100%),"In Progress",""))))) -> Not Started | U92: Depend on Telecom Readiness
C93: Cuttover | D93: =NETWORKDAYS.INTL(E93,F93,"0000110",$AB$5:$AB$12) -> 1 | E93: =MAX(WORKDAY.INTL(F99,1,"0000100"),WORKDAY.INTL(F92,1,"0000100")) -> 46386 | F93: =WORKDAY.INTL(E93,0,"0000100") -> 46386 | G93: =MAX(WORKDAY.INTL(H99,1,"0000100"),WORKDAY.INTL(H92,1,"0000100")) -> 46386 | H93: =WORKDAY.INTL(G93,0,"0000100") -> 46386 | L93: =IF(OR(K93=100%,J93<>""),"Completed",IF(AND(OR(K93="",K93=0),E93>TODAY()),"Not Started",IF(AND(OR(K93="",K93=0),E93<=TODAY()),"Delayed",IF(AND(K93>0,K93<100%,F93<TODAY()),"Delayed",IF(AND(K93>0,K93<100%),"In Progress",""))))) -> Not Started
B95: Dowstream SAT | C95: Functional test - ADMS | D95: =NETWORKDAYS.INTL(E95,F95,"0000110",$AB$5:$AB$12) -> 5 | E95: =WORKDAY.INTL(E91,72,"0000100",$AB$5:$AB$11) -> 46371 | F95: =WORKDAY.INTL(E95,4,"0000110",$AB$5:$AB$11) -> 46377 | G95: =WORKDAY.INTL(G91,72,"0000100",$AB$5:$AB$11) -> 46371 | H95: =WORKDAY.INTL(G95,4,"0000110",$AB$5:$AB$11) -> 46377 | L95: =IF(OR(K95=100%,J95<>""),"Completed",IF(AND(OR(K95="",K95=0),E95>TODAY()),"Not Started",IF(AND(OR(K95="",K95=0),E95<=TODAY()),"Delayed",IF(AND(K95>0,K95<100%,F95<TODAY()),"Delayed",IF(AND(K95>0,K95<100%),"In Progress",""))))) -> Not Started
C96: Integration test | D96: =NETWORKDAYS.INTL(E96,F96,"0000110",$AB$5:$AB$12) -> 2 | E96: =WORKDAY.INTL(F95,1,"0000110",$AB$5:$AB$11) -> 46378 | F96: =WORKDAY.INTL(E96,1,"0000110",$AB$5:$AB$11) -> 46379 | G96: =WORKDAY.INTL(H95,1,"0000110",$AB$5:$AB$11) -> 46378 | H96: =WORKDAY.INTL(G96,1,"0000110",$AB$5:$AB$11) -> 46379 | L96: =IF(OR(K96=100%,J96<>""),"Completed",IF(AND(OR(K96="",K96=0),E96>TODAY()),"Not Started",IF(AND(OR(K96="",K96=0),E96<=TODAY()),"Delayed",IF(AND(K96>0,K96<100%,F96<TODAY()),"Delayed",IF(AND(K96>0,K96<100%),"In Progress",""))))) -> Not Started
C97: Redundancy test | D97: =NETWORKDAYS.INTL(E97,F97,"0000110",$AB$5:$AB$12) -> 2 | E97: =WORKDAY.INTL(F96,1,"0000110",$AB$5:$AB$11) -> 46380 | F97: =WORKDAY.INTL(E97,1,"0000110",$AB$5:$AB$11) -> 46383 | G97: =WORKDAY.INTL(H96,1,"0000110",$AB$5:$AB$11) -> 46380 | H97: =WORKDAY.INTL(G97,1,"0000110",$AB$5:$AB$11) -> 46383 | L97: =IF(OR(K97=100%,J97<>""),"Completed",IF(AND(OR(K97="",K97=0),E97>TODAY()),"Not Started",IF(AND(OR(K97="",K97=0),E97<=TODAY()),"Delayed",IF(AND(K97>0,K97<100%,F97<TODAY()),"Delayed",IF(AND(K97>0,K97<100%),"In Progress",""))))) -> Not Started
C98: Stability & unstructure test | D98: =NETWORKDAYS.INTL(E98,F98,"0000110",$AB$5:$AB$12) -> 1 | E98: =WORKDAY.INTL(F97,1,"0000110",$AB$5:$AB$11) -> 46384 | F98: =WORKDAY.INTL(E98,0,"0000110",$AB$5:$AB$11) -> 46384 | G98: =WORKDAY.INTL(H97,1,"0000110",$AB$5:$AB$11) -> 46384 | H98: =WORKDAY.INTL(G98,0,"0000110",$AB$5:$AB$11) -> 46384 | L98: =IF(OR(K98=100%,J98<>""),"Completed",IF(AND(OR(K98="",K98=0),E98>TODAY()),"Not Started",IF(AND(OR(K98="",K98=0),E98<=TODAY()),"Delayed",IF(AND(K98>0,K98<100%,F98<TODAY()),"Delayed",IF(AND(K98>0,K98<100%),"In Progress",""))))) -> Not Started
C99: Regression test | D99: =NETWORKDAYS.INTL(E99,F99,"0000110",$AB$5:$AB$12) -> 1 | E99: =WORKDAY.INTL(F98,1,"0000110",$AB$5:$AB$11) -> 46385 | F99: =WORKDAY.INTL(E99,0,"0000110",$AB$5:$AB$11) -> 46385 | G99: =WORKDAY.INTL(H98,1,"0000110",$AB$5:$AB$11) -> 46385 | H99: =WORKDAY.INTL(G99,0,"0000110",$AB$5:$AB$11) -> 46385 | L99: =IF(OR(K99=100%,J99<>""),"Completed",IF(AND(OR(K99="",K99=0),E99>TODAY()),"Not Started",IF(AND(OR(K99="",K99=0),E99<=TODAY()),"Delayed",IF(AND(K99>0,K99<100%,F99<TODAY()),"Delayed",IF(AND(K99>0,K99<100%),"In Progress",""))))) -> Not Started
C100: Performance test | D100: =NETWORKDAYS.INTL(E100,F100,"0000110",$AB$5:$AB$12) -> 3 | E100: =MAX(WORKDAY.INTL(F93,1,"0000110",$AB$5:$AB$12),WORKDAY.INTL(F95,1,"0000110",$AB$5:$AB$12)) -> 46387 | F100: =WORKDAY.INTL(E100,2,"0000110",$AB$5:$AB$11) -> 46391 | G100: =MAX(WORKDAY.INTL(H93,1,"0000110",$AB$5:$AB$12),WORKDAY.INTL(H95,1,"0000110",$AB$5:$AB$12)) -> 46387 | H100: =WORKDAY.INTL(G100,2,"0000110",$AB$5:$AB$11) -> 46391 | L100: =IF(OR(K100=100%,J100<>""),"Completed",IF(AND(OR(K100="",K100=0),E100>TODAY()),"Not Started",IF(AND(OR(K100="",K100=0),E100<=TODAY()),"Delayed",IF(AND(K100>0,K100<100%,F100<TODAY()),"Delayed",IF(AND(K100>0,K100<100%),"In Progress",""))))) -> Not Started

Sheet Jizan Migration Plan
C2: Activity | D2: Working Days | E2: Planned Start | F2: Planned Finish | G2: Expected Start | H2: Expected Finish | I2: Actual Start / Expected Start | J2: Actual Finish / Expected Finish | K2: % Progress | L2: Status | N2: 46113 | O2: 46143 | P2: 46174 | Q2: 46204 | R2: 46235 | S2: 46266 | T2: 46296 | U2: Remark | V2: 7 Days Claendar
C3: Database Migration (1st Round) (20-May-26) | K3: 1 | L3: =IF(OR(K3=100%,J3<>""),"Completed",IF(AND(OR(K3="",K3=0),E3>TODAY()),"Not Started",IF(AND(OR(K3="",K3=0),E3<=TODAY()),"Delayed",IF(AND(K3>0,K3<100%,F3<TODAY()),"Delayed",IF(AND(K3>0,K3<100%),"In Progress",""))))) -> Completed | U3: Jizan Database Migration (1st Round) completed | V3: 6 Days Calendar
B5: 1st Batch (7 SS) | C5: SLD and DB - Upstream | D5: =NETWORKDAYS.INTL(E5,F5,"0000100",$AA$5:$AA$12) -> 19 | E5: 46148 | F5: 46175 | G5: 46148 | H5: 46175 | I5: 46148 | J5: 46163 | K5: 1 | L5: =IF(OR(K5=100%,J5<>""),"Completed",IF(AND(OR(K5="",K5=0),E5>TODAY()),"Not Started",IF(AND(OR(K5="",K5=0),E5<=TODAY()),"Delayed",IF(AND(K5>0,K5<100%,F5<TODAY()),"Delayed",IF(AND(K5>0,K5<100%),"In Progress",""))))) -> Completed | V5: 5 Days Calendar | X5: SLD Submission | Y5: Batch 01 | AA5: 46166
C6: Validation by SE - Upstream | D6: =NETWORKDAYS.INTL(E6,F6,"0000100",$AA$5:$AA$12) -> 22 | E6: 46174 | F6: =WORKDAY.INTL(E6,21,"0000100",$AA$5:$AA$11) -> 46198 | G6: 46174 | H6: =WORKDAY.INTL(G6,21,"0000100",$AA$5:$AA$11) -> 46198 | K6: 0.5 | L6: =IF(OR(K6=100%,J6<>""),"Completed",IF(AND(OR(K6="",K6=0),E6>TODAY()),"Not Started",IF(AND(OR(K6="",K6=0),E6<=TODAY()),"Delayed",IF(AND(K6>0,K6<100%,F6<TODAY()),"Delayed",IF(AND(K6>0,K6<100%),"In Progress",""))))) -> In Progress | X6: SLD Validation | Y6: Batch 01 | AA6: 46167
C7: Telecom Rediness - Upstream | E7: Started | F7: 46222 | G7: Started | H7: 46222 | L7: =IF(OR(K7=100%,J7<>""),"Completed",IF(AND(OR(K7="",K7=0),E7>TODAY()),"Not Started",IF(AND(OR(K7="",K7=0),E7<=TODAY()),"Delayed",IF(AND(K7>0,K7<100%,F7<TODAY()),"Delayed",IF(AND(K7>0,K7<100%),"In Progress",""))))) -> Not Started | AA7: 46168
C8: E2E - Upstream | D8: =NETWORKDAYS.INTL(E8,F8,"0000110",$AA$5:$AA$12) -> 3 | E8: =WORKDAY.INTL(F7,1,"0000110") -> 46223 | F8: =WORKDAY.INTL(E8,2,"0000110") -> 46225 | G8: =WORKDAY.INTL(H7,1,"0000110") -> 46223 | H8: =WORKDAY.INTL(G8,2,"0000110") -> 46225 | L8: =IF(OR(K8=100%,J8<>""),"Completed",IF(AND(OR(K8="",K8=0),E8>TODAY()),"Not Started",IF(AND(OR(K8="",K8=0),E8<=TODAY()),"Delayed",IF(AND(K8>0,K8<100%,F8<TODAY()),"Delayed",IF(AND(K8>0,K8<100%),"In Progress",""))))) -> Not Started | U8: Grid Substation Depend on Telecom Readiness (24-Jun-26) Cutover Depend on Succesful Completion of E2E | X8: E2E for Grid SS | Y8: Batch 01 | AA8: 46169
C9: E2E Comments Rectification - Upstream | D9: =NETWORKDAYS.INTL(E9,F9,"0000110",$AA$5:$AA$12) -> 2 | E9: =WORKDAY.INTL(F8,1,"0000110") -> 46226 | F9: =WORKDAY.INTL(E9,1,"0000110") -> 46229 | G9: =WORKDAY.INTL(H8,1,"0000110") -> 46226 | H9: =WORKDAY.INTL(G9,1,"0000110") -> 46229 | L9: =IF(OR(K9=100%,J9<>""),"Completed",IF(AND(OR(K9="",K9=0),E9>TODAY()),"Not Started",IF(AND(OR(K9="",K9=0),E9<=TODAY()),"Delayed",IF(AND(K9>0,K9<100%,F9<TODAY()),"Delayed",IF(AND(K9>0,K9<100%),"In Progress",""))))) -> Not Started | U9: Handle grid models, graphics, data accuracy issues, not including field equipment and communication etc | X9: E2E Rectification | Y9: Batch 01 | AA9: 46170
C10: Cuttover - Upstream | D10: =NETWORKDAYS.INTL(E10,F10,"0000110",$AA$5:$AA$12) -> 1 | E10: =WORKDAY.INTL(F9,0,"0000110") -> 46229 | F10: =WORKDAY.INTL(E10,0,"0000110") -> 46229 | G10: =WORKDAY.INTL(H9,0,"0000110") -> 46229 | H10: =WORKDAY.INTL(G10,0,"0000110") -> 46229 | L10: =IF(OR(K10=100%,J10<>""),"Completed",IF(AND(OR(K10="",K10=0),E10>TODAY()),"Not Started",IF(AND(OR(K10="",K10=0),E10<=TODAY()),"Delayed",IF(AND(K10>0,K10<100%,F10<TODAY()),"Delayed",IF(AND(K10>0,K10<100%),"In Progress",""))))) -> Not Started | X10: Cutover | Y10: Batch 01 | AA10: 46171
C11: - Upstream | AA11: 46288
B12: 2nd Batch (6 SS) | C12: SLD and DB - Upstream | D12: =NETWORKDAYS.INTL(E12,F12,"0000100",$AA$5:$AA$12) -> 7 | E12: =WORKDAY.INTL(F5,1,"0000100",$AA$5:$AA$11) -> 46176 | F12: =WORKDAY.INTL(E12,6,"0000100",$AA$5:$AA$11) -> 46183 | G12: =WORKDAY.INTL(H5,1,"0000100",$AA$5:$AA$11) -> 46176 | H12: =WORKDAY.INTL(G12,6,"0000100",$AA$5:$AA$11) -> 46183 | I12: 46164 | J12: 46182 | K12: 1 | L12: =IF(OR(K12=100%,J12<>""),"Completed",IF(AND(OR(K12="",K12=0),E12>TODAY()),"Not Started",IF(AND(OR(K12="",K12=0),E12<=TODAY()),"Delayed",IF(AND(K12>0,K12<100%,F12<TODAY()),"Delayed",IF(AND(K12>0,K12<100%),"In Progress",""))))) -> Completed | X12: SLD Submission | Y12: Batch 02 | AA12: 46288
C13: Validation by SE - Upstream | D13: =NETWORKDAYS.INTL(E13,F13,"0000100",$AA$5:$AA$12) -> 20 | E13: 46183 | F13: =WORKDAY.INTL(E13,19,"0000100",$AA$5:$AA$11) -> 46205 | G13: 46183 | H13: =WORKDAY.INTL(G13,19,"0000100",$AA$5:$AA$11) -> 46205 | K13: 0.2 | L13: =IF(OR(K13=100%,J13<>""),"Completed",IF(AND(OR(K13="",K13=0),E13>TODAY()),"Not Started",IF(AND(OR(K13="",K13=0),E13<=TODAY()),"Delayed",IF(AND(K13>0,K13<100%,F13<TODAY()),"Delayed",IF(AND(K13>0,K13<100%),"In Progress",""))))) -> In Progress | X13: SLD Validation | Y13: Batch 02
C14: E2E - Upstream | D14: =NETWORKDAYS.INTL(E14,F14,"0000110",$AA$5:$AA$12) -> 2 | E14: =WORKDAY.INTL(F8,1,"0000110") -> 46226 | F14: =WORKDAY.INTL(E14,1,"0000110") -> 46229 | G14: =WORKDAY.INTL(H8,1,"0000110") -> 46226 | H14: =WORKDAY.INTL(G14,1,"0000110") -> 46229 | L14: =IF(OR(K14=100%,J14<>""),"Completed",IF(AND(OR(K14="",K14=0),E14>TODAY()),"Not Started",IF(AND(OR(K14="",K14=0),E14<=TODAY()),"Delayed",IF(AND(K14>0,K14<100%,F14<TODAY()),"Delayed",IF(AND(K14>0,K14<100%),"In Progress",""))))) -> Not Started | X14: E2E for Grid SS | Y14: Batch 02
C15: E2E Comments Rectification - Upstream | D15: =NETWORKDAYS.INTL(E15,F15,"0000110",$AA$5:$AA$12) -> 2 | E15: =WORKDAY.INTL(F14,1,"0000110") -> 46230 | F15: =WORKDAY.INTL(E15,1,"0000110") -> 46231 | G15: =WORKDAY.INTL(H14,1,"0000110") -> 46230 | H15: =WORKDAY.INTL(G15,1,"0000110") -> 46231 | L15: =IF(OR(K15=100%,J15<>""),"Completed",IF(AND(OR(K15="",K15=0),E15>TODAY()),"Not Started",IF(AND(OR(K15="",K15=0),E15<=TODAY()),"Delayed",IF(AND(K15>0,K15<100%,F15<TODAY()),"Delayed",IF(AND(K15>0,K15<100%),"In Progress",""))))) -> Not Started | X15: E2E Rectification | Y15: Batch 02
C16: Cuttover - Upstream | D16: =NETWORKDAYS.INTL(E16,F16,"0000110",$AA$5:$AA$12) -> 1 | E16: =WORKDAY.INTL(F15,0,"0000110") -> 46231 | F16: =WORKDAY.INTL(E16,0,"0000110") -> 46231 | G16: =WORKDAY.INTL(H15,0,"0000110") -> 46231 | H16: =WORKDAY.INTL(G16,0,"0000110") -> 46231 | L16: =IF(OR(K16=100%,J16<>""),"Completed",IF(AND(OR(K16="",K16=0),E16>TODAY()),"Not Started",IF(AND(OR(K16="",K16=0),E16<=TODAY()),"Delayed",IF(AND(K16>0,K16<100%,F16<TODAY()),"Delayed",IF(AND(K16>0,K16<100%),"In Progress",""))))) -> Not Started | X16: Cutover | Y16: Batch 02
C17: - Upstream
B18: 3rd Batch (14 SS) | C18: SLD and DB - Upstream | D18: =NETWORKDAYS.INTL(E18,F18,"0000100",$AA$5:$AA$12) -> 13 | E18: =WORKDAY.INTL(F12,1,"0000100",$AA$5:$AA$11) -> 46184 | F18: =WORKDAY.INTL(E18,12,"0000100",$AA$5:$AA$11) -> 46198 | G18: =WORKDAY.INTL(H12,1,"0000100",$AA$5:$AA$11) -> 46184 | H18: =WORKDAY.INTL(G18,12,"0000100",$AA$5:$AA$11) -> 46198 | I18: 46171 | K18: 0.9 | L18: =IF(OR(K18=100%,J18<>""),"Completed",IF(AND(OR(K18="",K18=0),E18>TODAY()),"Not Started",IF(AND(OR(K18="",K18=0),E18<=TODAY()),"Delayed",IF(AND(K18>0,K18<100%,F18<TODAY()),"Delayed",IF(AND(K18>0,K18<100%),"In Progress",""))))) -> In Progress | X18: SLD Submission | Y18: Batch 03
C19: Validation by SE - Upstream | D19: =NETWORKDAYS.INTL(E19,F19,"0000100",$AA$5:$AA$12) -> 5 | E19: =WORKDAY.INTL(F13,1,"0000100",$AA$5:$AA$11) -> 46207 | F19: =WORKDAY.INTL(E19,4,"0000100",$AA$5:$AA$11) -> 46211 | G19: =WORKDAY.INTL(H13,1,"0000100",$AA$5:$AA$11) -> 46207 | H19: =WORKDAY.INTL(G19,4,"0000100",$AA$5:$AA$11) -> 46211 | L19: =IF(OR(K19=100%,J19<>""),"Completed",IF(AND(OR(K19="",K19=0),E19>TODAY()),"Not Started",IF(AND(OR(K19="",K19=0),E19<=TODAY()),"Delayed",IF(AND(K19>0,K19<100%,F19<TODAY()),"Delayed",IF(AND(K19>0,K19<100%),"In Progress",""))))) -> Not Started | X19: SLD Validation | Y19: Batch 03
C20: E2E - Upstream | D20: =NETWORKDAYS.INTL(E20,F20,"0000110",$AA$5:$AA$12) -> 5 | E20: =WORKDAY.INTL(F14,1,"0000110") -> 46230 | F20: =WORKDAY.INTL(E20,4,"0000110") -> 46236 | G20: =WORKDAY.INTL(H14,1,"0000110") -> 46230 | H20: =WORKDAY.INTL(G20,4,"0000110") -> 46236 | L20: =IF(OR(K20=100%,J20<>""),"Completed",IF(AND(OR(K20="",K20=0),E20>TODAY()),"Not Started",IF(AND(OR(K20="",K20=0),E20<=TODAY()),"Delayed",IF(AND(K20>0,K20<100%,F20<TODAY()),"Delayed",IF(AND(K20>0,K20<100%),"In Progress",""))))) -> Not Started | X20: E2E for Grid SS | Y20: Batch 03
C21: E2E Comments Rectification - Upstream | D21: =NETWORKDAYS.INTL(E21,F21,"0000110",$AA$5:$AA$12) -> 2 | E21: =WORKDAY.INTL(F20,1,"0000110") -> 46237 | F21: =WORKDAY.INTL(E21,1,"0000110") -> 46238 | G21: =WORKDAY.INTL(H20,1,"0000110") -> 46237 | H21: =WORKDAY.INTL(G21,1,"0000110") -> 46238 | L21: =IF(OR(K21=100%,J21<>""),"Completed",IF(AND(OR(K21="",K21=0),E21>TODAY()),"Not Started",IF(AND(OR(K21="",K21=0),E21<=TODAY()),"Delayed",IF(AND(K21>0,K21<100%,F21<TODAY()),"Delayed",IF(AND(K21>0,K21<100%),"In Progress",""))))) -> Not Started | X21: E2E Rectification | Y21: Batch 03
C22: Cuttover - Upstream | D22: =NETWORKDAYS.INTL(E22,F22,"0000110",$AA$5:$AA$12) -> 1 | E22: =WORKDAY.INTL(F21,0,"0000110") -> 46238 | F22: =WORKDAY.INTL(E22,0,"0000110") -> 46238 | G22: =WORKDAY.INTL(H21,0,"0000110") -> 46238 | H22: =WORKDAY.INTL(G22,0,"0000110") -> 46238 | L22: =IF(OR(K22=100%,J22<>""),"Completed",IF(AND(OR(K22="",K22=0),E22>TODAY()),"Not Started",IF(AND(OR(K22="",K22=0),E22<=TODAY()),"Delayed",IF(AND(K22>0,K22<100%,F22<TODAY()),"Delayed",IF(AND(K22>0,K22<100%),"In Progress",""))))) -> Not Started | X22: Cutover | Y22: Batch 03
C23: - Upstream
B24: 4th Batch (11 SS) | C24: SLD and DB - Upstream | D24: =NETWORKDAYS.INTL(E24,F24,"0000100",$AA$5:$AA$12) -> 7 | E24: =WORKDAY.INTL(F18,1,"0000100",$AA$5:$AA$11) -> 46200 | F24: =WORKDAY.INTL(E24,6,"0000100",$AA$5:$AA$11) -> 46207 | G24: =WORKDAY.INTL(H18,1,"0000100",$AA$5:$AA$11) -> 46200 | H24: =WORKDAY.INTL(G24,6,"0000100",$AA$5:$AA$11) -> 46207 | L24: =IF(OR(K24=100%,J24<>""),"Completed",IF(AND(OR(K24="",K24=0),E24>TODAY()),"Not Started",IF(AND(OR(K24="",K24=0),E24<=TODAY()),"Delayed",IF(AND(K24>0,K24<100%,F24<TODAY()),"Delayed",IF(AND(K24>0,K24<100%),"In Progress",""))))) -> Not Started | X24: SLD Submission | Y24: Batch 04
C25: Validation by SE - Upstream | D25: =NETWORKDAYS.INTL(E25,F25,"0000100",$AA$5:$AA$12) -> 5 | E25: =WORKDAY.INTL(F19,1,"0000100",$AA$5:$AA$11) -> 46212 | F25: =WORKDAY.INTL(E25,4,"0000100",$AA$5:$AA$11) -> 46217 | G25: =WORKDAY.INTL(H19,1,"0000100",$AA$5:$AA$11) -> 46212 | H25: =WORKDAY.INTL(G25,4,"0000100",$AA$5:$AA$11) -> 46217 | L25: =IF(OR(K25=100%,J25<>""),"Completed",IF(AND(OR(K25="",K25=0),E25>TODAY()),"Not Started",IF(AND(OR(K25="",K25=0),E25<=TODAY()),"Delayed",IF(AND(K25>0,K25<100%,F25<TODAY()),"Delayed",IF(AND(K25>0,K25<100%),"In Progress",""))))) -> Not Started | X25: SLD Validation | Y25: Batch 04
C26: E2E - Upstream | D26: =NETWORKDAYS.INTL(E26,F26,"0000110",$AA$5:$AA$12) -> 4 | E26: =WORKDAY.INTL(F20,1,"0000110") -> 46237 | F26: =WORKDAY.INTL(E26,3,"0000110") -> 46240 | G26: =WORKDAY.INTL(H20,1,"0000110") -> 46237 | H26: =WORKDAY.INTL(G26,3,"0000110") -> 46240 | L26: =IF(OR(K26=100%,J26<>""),"Completed",IF(AND(OR(K26="",K26=0),E26>TODAY()),"Not Started",IF(AND(OR(K26="",K26=0),E26<=TODAY()),"Delayed",IF(AND(K26>0,K26<100%,F26<TODAY()),"Delayed",IF(AND(K26>0,K26<100%),"In Progress",""))))) -> Not Started | X26: E2E for Grid SS | Y26: Batch 04
C27: E2E Comments Rectification - Upstream | D27: =NETWORKDAYS.INTL(E27,F27,"0000110",$AA$5:$AA$12) -> 2 | E27: =WORKDAY.INTL(F26,1,"0000110") -> 46243 | F27: =WORKDAY.INTL(E27,1,"0000110") -> 46244 | G27: =WORKDAY.INTL(H26,1,"0000110") -> 46243 | H27: =WORKDAY.INTL(G27,1,"0000110") -> 46244 | L27: =IF(OR(K27=100%,J27<>""),"Completed",IF(AND(OR(K27="",K27=0),E27>TODAY()),"Not Started",IF(AND(OR(K27="",K27=0),E27<=TODAY()),"Delayed",IF(AND(K27>0,K27<100%,F27<TODAY()),"Delayed",IF(AND(K27>0,K27<100%),"In Progress",""))))) -> Not Started | X27: E2E Rectification | Y27: Batch 04
C28: Cuttover - Upstream | D28: =NETWORKDAYS.INTL(E28,F28,"0000110",$AA$5:$AA$12) -> 1 | E28: =WORKDAY.INTL(F27,0,"0000110") -> 46244 | F28: =WORKDAY.INTL(E28,0,"0000110") -> 46244 | G28: =WORKDAY.INTL(H27,0,"0000110") -> 46244 | H28: =WORKDAY.INTL(G28,0,"0000110") -> 46244 | L28: =IF(OR(K28=100%,J28<>""),"Completed",IF(AND(OR(K28="",K28=0),E28>TODAY()),"Not Started",IF(AND(OR(K28="",K28=0),E28<=TODAY()),"Delayed",IF(AND(K28>0,K28<100%,F28<TODAY()),"Delayed",IF(AND(K28>0,K28<100%),"In Progress",""))))) -> Not Started | X28: Cutover | Y28: Batch 04
C29: - Upstream
B30: 5th Batch (11 SS) | C30: SLD and DB - Upstream | D30: =NETWORKDAYS.INTL(E30,F30,"0000100",$AA$5:$AA$12) -> 7 | E30: =WORKDAY.INTL(F24,1,"0000100",$AA$5:$AA$11) -> 46208 | F30: =WORKDAY.INTL(E30,6,"0000100",$AA$5:$AA$11) -> 46215 | G30: =WORKDAY.INTL(H24,1,"0000100",$AA$5:$AA$11) -> 46208 | H30: =WORKDAY.INTL(G30,6,"0000100",$AA$5:$AA$11) -> 46215 | L30: =IF(OR(K30=100%,J30<>""),"Completed",IF(AND(OR(K30="",K30=0),E30>TODAY()),"Not Started",IF(AND(OR(K30="",K30=0),E30<=TODAY()),"Delayed",IF(AND(K30>0,K30<100%,F30<TODAY()),"Delayed",IF(AND(K30>0,K30<100%),"In Progress",""))))) -> Not Started | X30: SLD Submission | Y30: Batch 05
C31: Validation by SE - Upstream | D31: =NETWORKDAYS.INTL(E31,F31,"0000100",$AA$5:$AA$12) -> 5 | E31: =WORKDAY.INTL(F25,1,"0000100",$AA$5:$AA$11) -> 46218 | F31: =WORKDAY.INTL(E31,4,"0000100",$AA$5:$AA$11) -> 46223 | G31: =WORKDAY.INTL(H25,1,"0000100",$AA$5:$AA$11) -> 46218 | H31: =WORKDAY.INTL(G31,4,"0000100",$AA$5:$AA$11) -> 46223 | L31: =IF(OR(K31=100%,J31<>""),"Completed",IF(AND(OR(K31="",K31=0),E31>TODAY()),"Not Started",IF(AND(OR(K31="",K31=0),E31<=TODAY()),"Delayed",IF(AND(K31>0,K31<100%,F31<TODAY()),"Delayed",IF(AND(K31>0,K31<100%),"In Progress",""))))) -> Not Started | X31: SLD Validation | Y31: Batch 05
C32: E2E - Upstream | D32: =NETWORKDAYS.INTL(E32,F32,"0000110",$AA$5:$AA$12) -> 4 | E32: =WORKDAY.INTL(F26,1,"0000110") -> 46243 | F32: =WORKDAY.INTL(E32,3,"0000110") -> 46246 | G32: =WORKDAY.INTL(H26,1,"0000110") -> 46243 | H32: =WORKDAY.INTL(G32,3,"0000110") -> 46246 | L32: =IF(OR(K32=100%,J32<>""),"Completed",IF(AND(OR(K32="",K32=0),E32>TODAY()),"Not Started",IF(AND(OR(K32="",K32=0),E32<=TODAY()),"Delayed",IF(AND(K32>0,K32<100%,F32<TODAY()),"Delayed",IF(AND(K32>0,K32<100%),"In Progress",""))))) -> Not Started | X32: E2E for Grid SS | Y32: Batch 05
C33: E2E Comments Rectification - Upstream | D33: =NETWORKDAYS.INTL(E33,F33,"0000110",$AA$5:$AA$12) -> 2 | E33: =WORKDAY.INTL(F32,1,"0000110") -> 46247 | F33: =WORKDAY.INTL(E33,1,"0000110") -> 46250 | G33: =WORKDAY.INTL(H32,1,"0000110") -> 46247 | H33: =WORKDAY.INTL(G33,1,"0000110") -> 46250 | L33: =IF(OR(K33=100%,J33<>""),"Completed",IF(AND(OR(K33="",K33=0),E33>TODAY()),"Not Started",IF(AND(OR(K33="",K33=0),E33<=TODAY()),"Delayed",IF(AND(K33>0,K33<100%,F33<TODAY()),"Delayed",IF(AND(K33>0,K33<100%),"In Progress",""))))) -> Not Started | X33: E2E Rectification | Y33: Batch 05
C34: Cuttover - Upstream | D34: =NETWORKDAYS.INTL(E34,F34,"0000110",$AA$5:$AA$12) -> 1 | E34: =WORKDAY.INTL(F33,0,"0000110") -> 46250 | F34: =WORKDAY.INTL(E34,0,"0000110") -> 46250 | G34: =WORKDAY.INTL(H33,0,"0000110") -> 46250 | H34: =WORKDAY.INTL(G34,0,"0000110") -> 46250 | L34: =IF(OR(K34=100%,J34<>""),"Completed",IF(AND(OR(K34="",K34=0),E34>TODAY()),"Not Started",IF(AND(OR(K34="",K34=0),E34<=TODAY()),"Delayed",IF(AND(K34>0,K34<100%,F34<TODAY()),"Delayed",IF(AND(K34>0,K34<100%),"In Progress",""))))) -> Not Started | X34: Cutover | Y34: Batch 05
C35: - Upstream
B36: 6th Batch (11 SS) | C36: SLD and DB - Upstream | D36: =NETWORKDAYS.INTL(E36,F36,"0000100",$AA$5:$AA$12) -> 7 | E36: =WORKDAY.INTL(F30,1,"0000100",$AA$5:$AA$11) -> 46216 | F36: =WORKDAY.INTL(E36,6,"0000100",$AA$5:$AA$11) -> 46223 | G36: =WORKDAY.INTL(H30,1,"0000100",$AA$5:$AA$11) -> 46216 | H36: =WORKDAY.INTL(G36,6,"0000100",$AA$5:$AA$11) -> 46223 | L36: =IF(OR(K36=100%,J36<>""),"Completed",IF(AND(OR(K36="",K36=0),E36>TODAY()),"Not Started",IF(AND(OR(K36="",K36=0),E36<=TODAY()),"Delayed",IF(AND(K36>0,K36<100%,F36<TODAY()),"Delayed",IF(AND(K36>0,K36<100%),"In Progress",""))))) -> Not Started | X36: SLD Submission | Y36: Batch 06
C37: Validation by SE - Upstream | D37: =NETWORKDAYS.INTL(E37,F37,"0000100",$AA$5:$AA$12) -> 5 | E37: =WORKDAY.INTL(F31,1,"0000100",$AA$5:$AA$11) -> 46224 | F37: =WORKDAY.INTL(E37,4,"0000100",$AA$5:$AA$11) -> 46229 | G37: =WORKDAY.INTL(H31,1,"0000100",$AA$5:$AA$11) -> 46224 | H37: =WORKDAY.INTL(G37,4,"0000100",$AA$5:$AA$11) -> 46229 | L37: =IF(OR(K37=100%,J37<>""),"Completed",IF(AND(OR(K37="",K37=0),E37>TODAY()),"Not Started",IF(AND(OR(K37="",K37=0),E37<=TODAY()),"Delayed",IF(AND(K37>0,K37<100%,F37<TODAY()),"Delayed",IF(AND(K37>0,K37<100%),"In Progress",""))))) -> Not Started | X37: SLD Validation | Y37: Batch 06
C38: E2E - Upstream | D38: =NETWORKDAYS.INTL(E38,F38,"0000110",$AA$5:$AA$12) -> 4 | E38: =WORKDAY.INTL(F32,1,"0000110") -> 46247 | F38: =WORKDAY.INTL(E38,3,"0000110") -> 46252 | G38: =WORKDAY.INTL(H32,1,"0000110") -> 46247 | H38: =WORKDAY.INTL(G38,3,"0000110") -> 46252 | L38: =IF(OR(K38=100%,J38<>""),"Completed",IF(AND(OR(K38="",K38=0),E38>TODAY()),"Not Started",IF(AND(OR(K38="",K38=0),E38<=TODAY()),"Delayed",IF(AND(K38>0,K38<100%,F38<TODAY()),"Delayed",IF(AND(K38>0,K38<100%),"In Progress",""))))) -> Not Started | X38: E2E for Grid SS | Y38: Batch 06
C39: E2E Comments Rectification - Upstream | D39: =NETWORKDAYS.INTL(E39,F39,"0000110",$AA$5:$AA$12) -> 2 | E39: =WORKDAY.INTL(F38,1,"0000110") -> 46253 | F39: =WORKDAY.INTL(E39,1,"0000110") -> 46254 | G39: =WORKDAY.INTL(H38,1,"0000110") -> 46253 | H39: =WORKDAY.INTL(G39,1,"0000110") -> 46254 | L39: =IF(OR(K39=100%,J39<>""),"Completed",IF(AND(OR(K39="",K39=0),E39>TODAY()),"Not Started",IF(AND(OR(K39="",K39=0),E39<=TODAY()),"Delayed",IF(AND(K39>0,K39<100%,F39<TODAY()),"Delayed",IF(AND(K39>0,K39<100%),"In Progress",""))))) -> Not Started | X39: E2E Rectification | Y39: Batch 06
C40: Cuttover - Upstream | D40: =NETWORKDAYS.INTL(E40,F40,"0000110",$AA$5:$AA$12) -> 1 | E40: =WORKDAY.INTL(F39,0,"0000110") -> 46254 | F40: =WORKDAY.INTL(E40,0,"0000110") -> 46254 | G40: =WORKDAY.INTL(H39,0,"0000110") -> 46254 | H40: =WORKDAY.INTL(G40,0,"0000110") -> 46254 | L40: =IF(OR(K40=100%,J40<>""),"Completed",IF(AND(OR(K40="",K40=0),E40>TODAY()),"Not Started",IF(AND(OR(K40="",K40=0),E40<=TODAY()),"Delayed",IF(AND(K40>0,K40<100%,F40<TODAY()),"Delayed",IF(AND(K40>0,K40<100%),"In Progress",""))))) -> Not Started | X40: Cutover | Y40: Batch 06
C41: - Upstream
B42: 7th Batch (12 SS) | C42: SLD and DB - Upstream | D42: =NETWORKDAYS.INTL(E42,F42,"0000100",$AA$5:$AA$12) -> 7 | E42: =WORKDAY.INTL(F36,1,"0000100",$AA$5:$AA$11) -> 46224 | F42: =WORKDAY.INTL(E42,6,"0000100",$AA$5:$AA$11) -> 46231 | G42: =WORKDAY.INTL(H36,1,"0000100",$AA$5:$AA$11) -> 46224 | H42: =WORKDAY.INTL(G42,6,"0000100",$AA$5:$AA$11) -> 46231 | L42: =IF(OR(K42=100%,J42<>""),"Completed",IF(AND(OR(K42="",K42=0),E42>TODAY()),"Not Started",IF(AND(OR(K42="",K42=0),E42<=TODAY()),"Delayed",IF(AND(K42>0,K42<100%,F42<TODAY()),"Delayed",IF(AND(K42>0,K42<100%),"In Progress",""))))) -> Not Started | X42: SLD Submission | Y42: Batch 07
C43: Validation by SE - Upstream | D43: =NETWORKDAYS.INTL(E43,F43,"0000100",$AA$5:$AA$12) -> 5 | E43: =WORKDAY.INTL(F37,3,"0000100",$AA$5:$AA$11) -> 46232 | F43: =WORKDAY.INTL(E43,4,"0000100",$AA$5:$AA$11) -> 46237 | G43: =WORKDAY.INTL(H37,3,"0000100",$AA$5:$AA$11) -> 46232 | H43: =WORKDAY.INTL(G43,4,"0000100",$AA$5:$AA$11) -> 46237 | L43: =IF(OR(K43=100%,J43<>""),"Completed",IF(AND(OR(K43="",K43=0),E43>TODAY()),"Not Started",IF(AND(OR(K43="",K43=0),E43<=TODAY()),"Delayed",IF(AND(K43>0,K43<100%,F43<TODAY()),"Delayed",IF(AND(K43>0,K43<100%),"In Progress",""))))) -> Not Started | X43: SLD Validation | Y43: Batch 07
C44: E2E - Upstream | D44: =NETWORKDAYS.INTL(E44,F44,"0000110",$AA$5:$AA$12) -> 4 | E44: =WORKDAY.INTL(F38,1,"0000110") -> 46253 | F44: =WORKDAY.INTL(E44,3,"0000110") -> 46258 | G44: =WORKDAY.INTL(H38,1,"0000110") -> 46253 | H44: =WORKDAY.INTL(G44,3,"0000110") -> 46258 | L44: =IF(OR(K44=100%,J44<>""),"Completed",IF(AND(OR(K44="",K44=0),E44>TODAY()),"Not Started",IF(AND(OR(K44="",K44=0),E44<=TODAY()),"Delayed",IF(AND(K44>0,K44<100%,F44<TODAY()),"Delayed",IF(AND(K44>0,K44<100%),"In Progress",""))))) -> Not Started | X44: E2E for Grid SS | Y44: Batch 07
C45: E2E Comments Rectification - Upstream | D45: =NETWORKDAYS.INTL(E45,F45,"0000110",$AA$5:$AA$12) -> 2 | E45: =WORKDAY.INTL(F44,1,"0000110") -> 46259 | F45: =WORKDAY.INTL(E45,1,"0000110") -> 46260 | G45: =WORKDAY.INTL(H44,1,"0000110") -> 46259 | H45: =WORKDAY.INTL(G45,1,"0000110") -> 46260 | L45: =IF(OR(K45=100%,J45<>""),"Completed",IF(AND(OR(K45="",K45=0),E45>TODAY()),"Not Started",IF(AND(OR(K45="",K45=0),E45<=TODAY()),"Delayed",IF(AND(K45>0,K45<100%,F45<TODAY()),"Delayed",IF(AND(K45>0,K45<100%),"In Progress",""))))) -> Not Started | X45: E2E Rectification | Y45: Batch 07
C46: Cuttover - Upstream | D46: =NETWORKDAYS.INTL(E46,F46,"0000110",$AA$5:$AA$12) -> 1 | E46: =WORKDAY.INTL(F45,0,"0000110") -> 46260 | F46: =WORKDAY.INTL(E46,0,"0000110") -> 46260 | G46: =WORKDAY.INTL(H45,0,"0000110") -> 46260 | H46: =WORKDAY.INTL(G46,0,"0000110") -> 46260 | L46: =IF(OR(K46=100%,J46<>""),"Completed",IF(AND(OR(K46="",K46=0),E46>TODAY()),"Not Started",IF(AND(OR(K46="",K46=0),E46<=TODAY()),"Delayed",IF(AND(K46>0,K46<100%,F46<TODAY()),"Delayed",IF(AND(K46>0,K46<100%),"In Progress",""))))) -> Not Started | X46: Cutover | Y46: Batch 07
C47: - Upstream
B48: 8th Batch (13 SS) | C48: SLD and DB - Upstream | D48: =NETWORKDAYS.INTL(E48,F48,"0000100",$AA$5:$AA$12) -> 7 | E48: =WORKDAY.INTL(F42,1,"0000100",$AA$5:$AA$11) -> 46232 | F48: =WORKDAY.INTL(E48,6,"0000100",$AA$5:$AA$11) -> 46239 | G48: =WORKDAY.INTL(H42,1,"0000100",$AA$5:$AA$11) -> 46232 | H48: =WORKDAY.INTL(G48,6,"0000100",$AA$5:$AA$11) -> 46239 | L48: =IF(OR(K48=100%,J48<>""),"Completed",IF(AND(OR(K48="",K48=0),E48>TODAY()),"Not Started",IF(AND(OR(K48="",K48=0),E48<=TODAY()),"Delayed",IF(AND(K48>0,K48<100%,F48<TODAY()),"Delayed",IF(AND(K48>0,K48<100%),"In Progress",""))))) -> Not Started | X48: SLD Submission | Y48: Batch 08
C49: Validation by SE - Upstream | D49: =NETWORKDAYS.INTL(E49,F49,"0000100",$AA$5:$AA$12) -> 5 | E49: =WORKDAY.INTL(F43,3,"0000100",$AA$5:$AA$11) -> 46240 | F49: =WORKDAY.INTL(E49,4,"0000100",$AA$5:$AA$11) -> 46245 | G49: =WORKDAY.INTL(H43,3,"0000100",$AA$5:$AA$11) -> 46240 | H49: =WORKDAY.INTL(G49,4,"0000100",$AA$5:$AA$11) -> 46245 | L49: =IF(OR(K49=100%,J49<>""),"Completed",IF(AND(OR(K49="",K49=0),E49>TODAY()),"Not Started",IF(AND(OR(K49="",K49=0),E49<=TODAY()),"Delayed",IF(AND(K49>0,K49<100%,F49<TODAY()),"Delayed",IF(AND(K49>0,K49<100%),"In Progress",""))))) -> Not Started | X49: SLD Validation | Y49: Batch 08
C50: E2E - Upstream | D50: =NETWORKDAYS.INTL(E50,F50,"0000110",$AA$5:$AA$12) -> 6 | E50: =WORKDAY.INTL(F44,1,"0000110") -> 46259 | F50: =WORKDAY.INTL(E50,5,"0000110") -> 46266 | G50: =WORKDAY.INTL(H44,1,"0000110") -> 46259 | H50: =WORKDAY.INTL(G50,5,"0000110") -> 46266 | L50: =IF(OR(K50=100%,J50<>""),"Completed",IF(AND(OR(K50="",K50=0),E50>TODAY()),"Not Started",IF(AND(OR(K50="",K50=0),E50<=TODAY()),"Delayed",IF(AND(K50>0,K50<100%,F50<TODAY()),"Delayed",IF(AND(K50>0,K50<100%),"In Progress",""))))) -> Not Started | X50: E2E for Grid SS | Y50: Batch 08
C51: E2E Comments Rectification - Upstream | D51: =NETWORKDAYS.INTL(E51,F51,"0000110",$AA$5:$AA$12) -> 2 | E51: =WORKDAY.INTL(F50,1,"0000110") -> 46267 | F51: =WORKDAY.INTL(E51,1,"0000110") -> 46268 | G51: =WORKDAY.INTL(H50,1,"0000110") -> 46267 | H51: =WORKDAY.INTL(G51,1,"0000110") -> 46268 | L51: =IF(OR(K51=100%,J51<>""),"Completed",IF(AND(OR(K51="",K51=0),E51>TODAY()),"Not Started",IF(AND(OR(K51="",K51=0),E51<=TODAY()),"Delayed",IF(AND(K51>0,K51<100%,F51<TODAY()),"Delayed",IF(AND(K51>0,K51<100%),"In Progress",""))))) -> Not Started | X51: E2E Rectification | Y51: Batch 08
C52: Cuttover - Upstream | D52: =NETWORKDAYS.INTL(E52,F52,"0000110",$AA$5:$AA$12) -> 1 | E52: =WORKDAY.INTL(F51,0,"0000110") -> 46268 | F52: =WORKDAY.INTL(E52,0,"0000110") -> 46268 | G52: =WORKDAY.INTL(H51,0,"0000110") -> 46268 | H52: =WORKDAY.INTL(G52,0,"0000110") -> 46268 | L52: =IF(OR(K52=100%,J52<>""),"Completed",IF(AND(OR(K52="",K52=0),E52>TODAY()),"Not Started",IF(AND(OR(K52="",K52=0),E52<=TODAY()),"Delayed",IF(AND(K52>0,K52<100%,F52<TODAY()),"Delayed",IF(AND(K52>0,K52<100%),"In Progress",""))))) -> Not Started | X52: Cutover | Y52: Batch 08
B54: Migration | C54: Alarm & Reporting Migration | D54: =NETWORKDAYS.INTL(E54,F54,"0000100",$AB$5:$AB$12) -> 19 | E54: =MAX(WORKDAY.INTL(F6,1,"0000100",$AB$5:$AB$11),"29-Jun-26") -> 46202 | F54: =WORKDAY.INTL(E54,18,"0000100",$AB$5:$AB$11) -> 46223 | G54: =MAX(WORKDAY.INTL(H6,1,"0000100",$AB$5:$AB$11),"29-Jun-26") -> 46202 | H54: =WORKDAY.INTL(G54,18,"0000100",$AB$5:$AB$11) -> 46223 | L54: =IF(OR(K54=100%,J54<>""),"Completed",IF(AND(OR(K54="",K54=0),E54>TODAY()),"Not Started",IF(AND(OR(K54="",K54=0),E54<=TODAY()),"Delayed",IF(AND(K54>0,K54<100%,F54<TODAY()),"Delayed",IF(AND(K54>0,K54<100%),"In Progress",""))))) -> Not Started | U54: Depend on : *1st Round of Database Migration *Workstation Availability
C55: UI & Display Configuration | D55: =NETWORKDAYS.INTL(E55,F55,"0000100",$AB$5:$AB$12) -> 19 | E55: =E54 -> 46202 | F55: =WORKDAY.INTL(E55,18,"0000100",$AB$5:$AB$11) -> 46223 | G55: =G54 -> 46202 | H55: =WORKDAY.INTL(G55,18,"0000100",$AB$5:$AB$11) -> 46223 | L55: =IF(OR(K55=100%,J55<>""),"Completed",IF(AND(OR(K55="",K55=0),E55>TODAY()),"Not Started",IF(AND(OR(K55="",K55=0),E55<=TODAY()),"Delayed",IF(AND(K55>0,K55<100%,F55<TODAY()),"Delayed",IF(AND(K55>0,K55<100%),"In Progress",""))))) -> Not Started | U55: Depend on : *1st Round of Database Migration *Workstation Availability
C56: Historian Migration | D56: =NETWORKDAYS.INTL(E56,F56,"0000100",$AB$5:$AB$12) -> 66 | E56: =E54 -> 46202 | F56: =WORKDAY.INTL(E56,65,"0000100",$AB$5:$AB$11) -> 46278 | G56: =G54 -> 46202 | H56: =WORKDAY.INTL(G56,65,"0000100",$AB$5:$AB$11) -> 46278 | L56: =IF(OR(K56=100%,J56<>""),"Completed",IF(AND(OR(K56="",K56=0),E56>TODAY()),"Not Started",IF(AND(OR(K56="",K56=0),E56<=TODAY()),"Delayed",IF(AND(K56>0,K56<100%,F56<TODAY()),"Delayed",IF(AND(K56>0,K56<100%),"In Progress",""))))) -> Not Started | U56: Depend on : *1st Round of Database Migration *Data Structure & Analysis from SE
B58: Integration | C58: DNMC Integration | D58: =NETWORKDAYS.INTL(E58,F58,"0000100",$AB$5:$AB$12) -> 26 | E58: =WORKDAY.INTL(F51,1,"0000100",$AB$5:$AB$11) -> 46270 | F58: =WORKDAY.INTL(E58,25,"0000100",$AB$5:$AB$11) -> 46299 | G58: =WORKDAY.INTL(H51,1,"0000100",$AB$5:$AB$11) -> 46270 | H58: =WORKDAY.INTL(G58,25,"0000100",$AB$5:$AB$11) -> 46299 | U58: 1.Depend on DNMC is Completed 2.DNMC datapoint Scope 3.DNMC <-----> DCC telecom completed 4.ICCP Configuration 5.Testing（SDCC & DNMC ICCP Channel Testing） 6.Batch 10 Cut Over Estimate add 5 days to do DNMC ICCP Intergration 7.Estimate all step Completed on 8th Sep
C59: Local ESB Installation | D59: =NETWORKDAYS.INTL(E59,F59,"0000100",$AB$5:$AB$12) -> 7 | E59: 46203 | F59: =WORKDAY.INTL(E59,6,"0000100",$AB$5:$AB$11) -> 46210 | G59: 46203 | H59: =WORKDAY.INTL(G59,6,"0000100",$AB$5:$AB$11) -> 46210
C60: Central ESB Integration（Third Partly System Phase 1） | D60: =NETWORKDAYS.INTL(E60,F60,"0000100",$AB$5:$AB$12) -> 167 | E60: 46194 | F60: =WORKDAY.INTL(E60,166,"0000100",$AB$5:$AB$11) -> 46387 | G60: 46194 | H60: =WORKDAY.INTL(G60,166,"0000100",$AB$5:$AB$11) -> 46387 | U60: Details need be confirmed by SE and C-ESB side,under discussion. The relevant timeline can only be estimated as the following dependencies remain unconfirmed. 1.DEV timeline not be confirmed 2.Business flow not be confirmed between ADMS and TPS. 3.Interface not confimed because of the business flow. 4. Telecom condition timeline not be confirmed. 5.Detailed planned dates can not be clarified before the confirmation of the Change Order. 6.C-ESB hardware condition not be confirmed
C61: Central ESB Integration（Third Partly System Phase 2） | D61: =NETWORKDAYS.INTL(E61,F61,"0000100",$AB$5:$AB$12) -> 129 | E61: =WORKDAY.INTL(F60,1,"0000100",$AB$5:$AB$11) -> 46389 | F61: =WORKDAY.INTL(E61,128,"0000100",$AB$5:$AB$11) -> 46538 | G61: =WORKDAY.INTL(H60,1,"0000100",$AB$5:$AB$11) -> 46389 | H61: =WORKDAY.INTL(G61,128,"0000100",$AB$5:$AB$11) -> 46538 | U61: Details need be confirmed by SE and C-ESB side,under discussion. The relevant timeline can only be estimated as the following dependencies remain unconfirmed. 1.DEV timeline not be confirmed 2.Business flow not be confirmed between ADMS and TPS. 3.Interface not confimed because of the business flow. 4. Telecom condition timeline not be confirmed. 5.Detailed planned dates can not be clarified before the confirmation of the Change Order. 6.C-ESB hardware condition not be confirmed | Z61: `
C62: DC-DR SYNC | D62: =NETWORKDAYS.INTL(E62,F62,"0000100",$AB$5:$AB$12) -> 18 | E62: 46357 | F62: =WORKDAY.INTL(E62,17,"0000100",$AB$5:$AB$11) -> 46377 | G62: 46357 | H62: =WORKDAY.INTL(G62,17,"0000100",$AB$5:$AB$11) -> 46377 | U62: Depend on DC<---->DR Telecom Completed
B64: Cut Over - Upstream (Live-On) | C64: Cut Over（Batch1-8） | D64: =NETWORKDAYS.INTL(E64,F64,"0000110",$AB$5:$AB$12) -> 3 | E64: =MAX(WORKDAY.INTL(F51,1,"0000110"),WORKDAY.INTL(F72,1,"0000110"),WORKDAY.INTL(F70,1,"0000110")) -> 46278 | F64: =WORKDAY.INTL(E64,2,"0000110") -> 46280 | G64: =MAX(WORKDAY.INTL(H51,1,"0000110"),WORKDAY.INTL(H72,1,"0000110"),WORKDAY.INTL(H70,1,"0000110")) -> 46278 | H64: =WORKDAY.INTL(G64,2,"0000110") -> 46280 | L64: =IF(OR(K64=100%,J64<>""),"Completed",IF(AND(OR(K64="",K64=0),E64>TODAY()),"Not Started",IF(AND(OR(K64="",K64=0),E64<=TODAY()),"Delayed",IF(AND(K64>0,K64<100%,F64<TODAY()),"Delayed",IF(AND(K64>0,K64<100%),"In Progress",""))))) -> Not Started | U64: 1.Completed Cut Over(Upstream Batch1-10) 2.Completed SAT 3.Completed System Available Testing
B66: ADMS SAT | C66: Hardware cybersecurity test | D66: =NETWORKDAYS.INTL(E66,F66,"0000110",$AA$5:$AA$12) -> 3 | E66: =MAX(WORKDAY.INTL(F49,1,"0000110",$AA$5:$AA$11),WORKDAY.INTL(F55,1,"0000110",$AA$5:$AA$11),WORKDAY.INTL(F40,1,"0000110",$AA$5:$AA$11)) -> 46257 | F66: =WORKDAY.INTL(E66,2,"0000110",$AA$5:$AA$11) -> 46259 | G66: =MAX(WORKDAY.INTL(H49,1,"0000110",$AA$5:$AA$11),WORKDAY.INTL(H55,1,"0000110",$AA$5:$AA$11),WORKDAY.INTL(H40,1,"0000110",$AA$5:$AA$11)) -> 46257 | H66: =WORKDAY.INTL(G66,2,"0000110",$AA$5:$AA$11) -> 46259 | L66: =IF(OR(K66=100%,J66<>""),"Completed",IF(AND(OR(K66="",K66=0),E66>TODAY()),"Not Started",IF(AND(OR(K66="",K66=0),E66<=TODAY()),"Delayed",IF(AND(K66>0,K66<100%,F66<TODAY()),"Delayed",IF(AND(K66>0,K66<100%),"In Progress",""))))) -> Not Started
C67: Functional test | D67: =NETWORKDAYS.INTL(E67,F67,"0000110",$AA$5:$AA$12) -> 5 | E67: =WORKDAY.INTL(F66,1,"0000110",$AA$5:$AA$11) -> 46260 | F67: =WORKDAY.INTL(E67,4,"0000110",$AA$5:$AA$11) -> 46266 | G67: =WORKDAY.INTL(H66,1,"0000110",$AA$5:$AA$11) -> 46260 | H67: =WORKDAY.INTL(G67,4,"0000110",$AA$5:$AA$11) -> 46266 | L67: =IF(OR(K67=100%,J67<>""),"Completed",IF(AND(OR(K67="",K67=0),E67>TODAY()),"Not Started",IF(AND(OR(K67="",K67=0),E67<=TODAY()),"Delayed",IF(AND(K67>0,K67<100%,F67<TODAY()),"Delayed",IF(AND(K67>0,K67<100%),"In Progress",""))))) -> Not Started
C68: Redundancy test | D68: =NETWORKDAYS.INTL(E68,F68,"0000110",$AA$5:$AA$12) -> 2 | E68: =WORKDAY.INTL(F67,1,"0000110",$AA$5:$AA$11) -> 46267 | F68: =WORKDAY.INTL(E68,1,"0000110",$AA$5:$AA$11) -> 46268 | G68: =WORKDAY.INTL(H67,1,"0000110",$AA$5:$AA$11) -> 46267 | H68: =WORKDAY.INTL(G68,1,"0000110",$AA$5:$AA$11) -> 46268 | L68: =IF(OR(K68=100%,J68<>""),"Completed",IF(AND(OR(K68="",K68=0),E68>TODAY()),"Not Started",IF(AND(OR(K68="",K68=0),E68<=TODAY()),"Delayed",IF(AND(K68>0,K68<100%,F68<TODAY()),"Delayed",IF(AND(K68>0,K68<100%),"In Progress",""))))) -> Not Started
C69: Stability & unstructure test | D69: =NETWORKDAYS.INTL(E69,F69,"0000110",$AA$5:$AA$12) -> 1 | E69: =WORKDAY.INTL(F68,1,"0000110",$AA$5:$AA$11) -> 46271 | F69: =WORKDAY.INTL(E69,0,"0000110",$AA$5:$AA$11) -> 46271 | G69: =WORKDAY.INTL(H68,1,"0000110",$AA$5:$AA$11) -> 46271 | H69: =WORKDAY.INTL(G69,0,"0000110",$AA$5:$AA$11) -> 46271 | L69: =IF(OR(K69=100%,J69<>""),"Completed",IF(AND(OR(K69="",K69=0),E69>TODAY()),"Not Started",IF(AND(OR(K69="",K69=0),E69<=TODAY()),"Delayed",IF(AND(K69>0,K69<100%,F69<TODAY()),"Delayed",IF(AND(K69>0,K69<100%),"In Progress",""))))) -> Not Started
C70: Regression test | D70: =NETWORKDAYS.INTL(E70,F70,"0000110",$AA$5:$AA$12) -> 1 | E70: =WORKDAY.INTL(F69,1,"0000110",$AA$5:$AA$11) -> 46272 | F70: =WORKDAY.INTL(E70,0,"0000110",$AA$5:$AA$11) -> 46272 | G70: =WORKDAY.INTL(H69,1,"0000110",$AA$5:$AA$11) -> 46272 | H70: =WORKDAY.INTL(G70,0,"0000110",$AA$5:$AA$11) -> 46272 | L70: =IF(OR(K70=100%,J70<>""),"Completed",IF(AND(OR(K70="",K70=0),E70>TODAY()),"Not Started",IF(AND(OR(K70="",K70=0),E70<=TODAY()),"Delayed",IF(AND(K70>0,K70<100%,F70<TODAY()),"Delayed",IF(AND(K70>0,K70<100%),"In Progress",""))))) -> Not Started
B72: Training | C72: Training inside KSA | D72: =NETWORKDAYS.INTL(E72,F72,"0000110",$AA$5:$AA$12) -> 30 | E72: 46235 | F72: =WORKDAY.INTL(E72,30,"0000110",$AB$5:$AB$11) -> 46275 | G72: 46235 | H72: =WORKDAY.INTL(G72,30,"0000110",$AB$5:$AB$11) -> 46275 | L72: =IF(OR(K72=100%,J72<>""),"Completed",IF(AND(OR(K72="",K72=0),E72>TODAY()),"Not Started",IF(AND(OR(K72="",K72=0),E72<=TODAY()),"Delayed",IF(AND(K72>0,K72<100%,F72<TODAY()),"Delayed",IF(AND(K72>0,K72<100%),"In Progress",""))))) -> Not Started
C73: Training in Factory | D73: =NETWORKDAYS.INTL(E73,F73,"0000110",$AA$5:$AA$12) -> 29 | E73: =F64+7 -> 46287 | F73: =WORKDAY.INTL(E73,29,"0000110",$AB$5:$AB$11) -> 46328 | G73: =H64+7 -> 46287 | H73: =WORKDAY.INTL(G73,29,"0000110",$AB$5:$AB$11) -> 46328 | L73: =IF(OR(K73=100%,J73<>""),"Completed",IF(AND(OR(K73="",K73=0),E73>TODAY()),"Not Started",IF(AND(OR(K73="",K73=0),E73<=TODAY()),"Delayed",IF(AND(K73>0,K73<100%,F73<TODAY()),"Delayed",IF(AND(K73>0,K73<100%),"In Progress",""))))) -> Not Started
B75: DERMS | C75: DERMS Software Installation | D75: =NETWORKDAYS.INTL(E75,F75,"0000100",$AA$5:$AA$12) -> 19 | E75: 46217 | F75: =E75+21 -> 46238 | G75: 46174 | H75: =G75+21 -> 46195 | L75: =IF(OR(K75=100%,J75<>""),"Completed",IF(AND(OR(K75="",K75=0),E75>TODAY()),"Not Started",IF(AND(OR(K75="",K75=0),E75<=TODAY()),"Delayed",IF(AND(K75>0,K75<100%,F75<TODAY()),"Delayed",IF(AND(K75>0,K75<100%),"In Progress",""))))) -> Not Started | U75: The firewall configuration and required access rules shall be fully implemented and verified. Network access between the relevant systems and sites shall be available and confirmed. Connectivity between DC/DR shall be completed to support DC/DR communication and failover testing. All required ports, routing rules, and security policies shall be provided before testing.
C76: DERMS SAT | D76: =NETWORKDAYS.INTL(E76,F76,"0000110",$AA$5:$AA$12) -> 11 | E76: =E83-23 -> 46349 | F76: =E76+14 -> 46363 | G76: 46204 | H76: =G76+14 -> 46218 | L76: =IF(OR(K76=100%,J76<>""),"Completed",IF(AND(OR(K76="",K76=0),E76>TODAY()),"Not Started",IF(AND(OR(K76="",K76=0),E76<=TODAY()),"Delayed",IF(AND(K76>0,K76<100%,F76<TODAY()),"Delayed",IF(AND(K76>0,K76<100%),"In Progress",""))))) -> Not Started | U76: Data for DER is required from SE
B78: Dowstream | C78: SLD and DB ( Total 1,100) | D78: =NETWORKDAYS.INTL(E78,F78,"0000100",$AB$5:$AB$12) -> 86 | E78: =WORKDAY.INTL(F52,1,"0000100",$AB$5:$AB$11) -> 46270 | F78: =WORKDAY.INTL(E78,85,"0000100",$AB$5:$AB$11) -> 46369 | G78: =WORKDAY.INTL(H52,1,"0000100",$AB$5:$AB$11) -> 46270 | H78: =WORKDAY.INTL(G78,85,"0000100",$AB$5:$AB$11) -> 46369 | L78: =IF(OR(K78=100%,J78<>""),"Completed",IF(AND(OR(K78="",K78=0),E78>TODAY()),"Not Started",IF(AND(OR(K78="",K78=0),E78<=TODAY()),"Delayed",IF(AND(K78>0,K78<100%,F78<TODAY()),"Delayed",IF(AND(K78>0,K78<100%),"In Progress",""))))) -> Not Started
C79: Validation by SE | D79: =NETWORKDAYS.INTL(E79,F79,"0000100",$AB$5:$AB$12) -> 86 | E79: =WORKDAY.INTL(E78,14,"0000100",$AB$5:$AB$11) -> 46286 | F79: =WORKDAY.INTL(F78,14,"0000100",$AB$5:$AB$11) -> 46385 | G79: =WORKDAY.INTL(G78,14,"0000100",$AB$5:$AB$11) -> 46286 | H79: =WORKDAY.INTL(H78,14,"0000100",$AB$5:$AB$11) -> 46385 | L79: =IF(OR(K79=100%,J79<>""),"Completed",IF(AND(OR(K79="",K79=0),E79>TODAY()),"Not Started",IF(AND(OR(K79="",K79=0),E79<=TODAY()),"Delayed",IF(AND(K79>0,K79<100%,F79<TODAY()),"Delayed",IF(AND(K79>0,K79<100%),"In Progress",""))))) -> Not Started | U79: 3 days FF with SLD 1st patch
C80: E2E for SFD (10% - 1100) | D80: =NETWORKDAYS.INTL(E80,F80,"0000110",$AB$5:$AB$12) -> 71 | E80: =WORKDAY.INTL(E79,5,"0000110") -> 46293 | F80: =WORKDAY.INTL(E80,70,"0000110") -> 46391 | G80: =WORKDAY.INTL(G79,5,"0000110") -> 46293 | H80: =WORKDAY.INTL(G80,65,"0000110") -> 46384 | L80: =IF(OR(K80=100%,J80<>""),"Completed",IF(AND(OR(K80="",K80=0),E80>TODAY()),"Not Started",IF(AND(OR(K80="",K80=0),E80<=TODAY()),"Delayed",IF(AND(K80>0,K80<100%,F80<TODAY()),"Delayed",IF(AND(K80>0,K80<100%),"In Progress",""))))) -> Not Started | U80: Depend on Telecom Readiness
C81: Cuttover | D81: =NETWORKDAYS.INTL(E81,F81,"0000110",$AB$5:$AB$12) -> 1 | E81: =MAX(WORKDAY.INTL(F87,1,"0000100"),WORKDAY.INTL(F80,1,"0000100")) -> 46392 | F81: =WORKDAY.INTL(E81,0,"0000110") -> 46392 | G81: =MAX(WORKDAY.INTL(H88,1,"0000100"),WORKDAY.INTL(H80,1,"0000100")) -> 46399 | H81: =WORKDAY.INTL(G81,0,"0000110") -> 46399 | L81: =IF(OR(K81=100%,J81<>""),"Completed",IF(AND(OR(K81="",K81=0),E81>TODAY()),"Not Started",IF(AND(OR(K81="",K81=0),E81<=TODAY()),"Delayed",IF(AND(K81>0,K81<100%,F81<TODAY()),"Delayed",IF(AND(K81>0,K81<100%),"In Progress",""))))) -> Not Started
B83: Dowstream SAT | C83: Functional test - ADMS | D83: =NETWORKDAYS.INTL(E83,F83,"0000110",$AB$5:$AB$12) -> 5 | E83: =WORKDAY.INTL(E79,74,"0000100",$AB$5:$AB$11) -> 46372 | F83: =WORKDAY.INTL(E83,4,"0000110",$AB$5:$AB$11) -> 46378 | G83: =WORKDAY.INTL(G79,80,"0000100",$AB$5:$AB$11) -> 46379 | H83: =WORKDAY.INTL(G83,4,"0000110",$AB$5:$AB$11) -> 46385 | L83: =IF(OR(K83=100%,J83<>""),"Completed",IF(AND(OR(K83="",K83=0),E83>TODAY()),"Not Started",IF(AND(OR(K83="",K83=0),E83<=TODAY()),"Delayed",IF(AND(K83>0,K83<100%,F83<TODAY()),"Delayed",IF(AND(K83>0,K83<100%),"In Progress",""))))) -> Not Started
C84: Integration test | D84: =NETWORKDAYS.INTL(E84,F84,"0000110",$AB$5:$AB$12) -> 2 | E84: =WORKDAY.INTL(F83,1,"0000110",$AB$5:$AB$11) -> 46379 | F84: =WORKDAY.INTL(E84,1,"0000110",$AB$5:$AB$11) -> 46380 | G84: =WORKDAY.INTL(H83,1,"0000110",$AB$5:$AB$11) -> 46386 | H84: =WORKDAY.INTL(G84,2,"0000110",$AB$5:$AB$11) -> 46390 | L84: =IF(OR(K84=100%,J84<>""),"Completed",IF(AND(OR(K84="",K84=0),E84>TODAY()),"Not Started",IF(AND(OR(K84="",K84=0),E84<=TODAY()),"Delayed",IF(AND(K84>0,K84<100%,F84<TODAY()),"Delayed",IF(AND(K84>0,K84<100%),"In Progress",""))))) -> Not Started
C85: Redundancy test | D85: =NETWORKDAYS.INTL(E85,F85,"0000110",$AB$5:$AB$12) -> 2 | E85: =WORKDAY.INTL(F84,1,"0000110",$AB$5:$AB$11) -> 46383 | F85: =WORKDAY.INTL(E85,1,"0000110",$AB$5:$AB$11) -> 46384 | G85: =WORKDAY.INTL(H84,1,"0000110",$AB$5:$AB$11) -> 46391 | H85: =WORKDAY.INTL(G85,1,"0000110",$AB$5:$AB$11) -> 46392 | L85: =IF(OR(K85=100%,J85<>""),"Completed",IF(AND(OR(K85="",K85=0),E85>TODAY()),"Not Started",IF(AND(OR(K85="",K85=0),E85<=TODAY()),"Delayed",IF(AND(K85>0,K85<100%,F85<TODAY()),"Delayed",IF(AND(K85>0,K85<100%),"In Progress",""))))) -> Not Started
